user_input,response,reference,retrieved_contexts,reference_contexts,faithfulness,answer_relevancy,context_precision,context_recall
경구포도당부하검사 뭐에요?,"경구포도당부하검사는 당뇨병 진단을 위해 사용되는 검사로, 특정량의 포도당을 섭취한 후 혈당 수치를 측정하는 방법입니다. 이 검사는 일반적으로 75g의 포도당을 섭취한 후 2시간 후에 혈장 포도당 수치를 측정하여 당뇨병이나 내당능장애를 진단하는 데 사용됩니다.",경구포도당부하검사는 임신 24-28주에 2시간 75 g의 포도당을 섭취한 후 혈당을 측정하여 임신당뇨병을 진단하는 검사입니다.,"['240240\n권고 내용 권고등급 근거수준\n③ 75 g 경구포도당부하검사 2시간 후 혈장포도당 ≥ 200 mg/dL\n④ \n당뇨병의 전형적인 증상(다뇨, 다음, 설명되지 않는 체중감소)과  무작위 \n혈장포도당 ≥ 200 mg/dL\n¶ 당뇨병전단계 진단기준\n① 공복혈장포도당 100-125 mg/dL (공복혈당장애)\nⅠA② 75g 경구포도당부하 2시간 후 혈장포도당 140-199 mg/dL (내당능장애)\n③ 당화혈색소 5.7-6.4%\n3. 임신성당뇨병 진단기준\n¶ 선별검사\n∙ 모든 임부를 대상으로 첫 산전 방문 시 기왕의 당뇨병 여부에 대한 검사\n(공복혈장포도당, 무작위 혈장포도당 혹은 당화혈색소)를 하도록 권고한다.\nⅠA\n∙ 이전에 당뇨병이나 임신당뇨병으로 진단받지 않은 임부인 경우 임신 \n24-28주에 2시간 75 g 경구포도당부하검사를 권고한다(1단계 접근법, \none step approach).\nⅠA\n∙ 기존의 2단계 접근법(two step approach)을 이용할 경우는 50 g 경구\n포도당부하 후 1시간 혈장포도당 140 mg/dL (고위험 임부의 경우 130 \nmg/dL)이상이면 선별검사 양성으로 판정하여 100 g 경구포도당부하검사를 \n권고한다.\nⅠA\n¶ 진단기준 \n∙ 첫 산전 방문 검사 시 당뇨병의 일반 진단기준 적용을 권고 한다. ⅠA\n∙ 임신 24-28주 사이에 시행한 75 g 경구포도당부하검사에서 다음 중 하나 \n이상을 만족하는 경우 임신당뇨병으로 진단할 수 있다.\n  ① 공복혈장포도당 ≥ 92 mg/dL\n  ② 포도당부하 후 1시간 혈장포도당 ≥ 180 mg/dL\n  ③ 포도당부하 후 2시간 혈장포도당 ≥ 153 mg/dL\nⅡa B\n∙ 기존의 2단계 접근법으로 100 g 경구포도당부하검사를 시행한 경우는 다음 \n기준 중 두 가지 이상을 만족하는 경우 임신당뇨병으로  진단할 수 있다.\n  ① 공복혈장포도당 ≥ 95 mg/dL\n  ② 포도당부하 후 1시간 혈장포도당 ≥ 180 mg/dL\n  ③ 포도당부하 후 2시간 혈장포도당 ≥ 155 mg/dL\n  ④ 포도당부하 후 3시간 혈장포도당 ≥ 140 mg/dL\nⅡa A\n4.', 'Ⅰ. 당뇨병 총론\n21\n3. 임신당뇨병 진단기준\n권고 적용군 임부 진료환경 진료실\n중재/실행지표 당뇨병 선별검사\n비교지표 당뇨병 선별검사 미시행\n결과물 태아와 임산부 주산기 합병증 예방\n권고 내용 권고등급 근거수준 권고도출 \n자료원\n¶ 선별검사\n∙ 모든 임부를 대상으로 첫 산전 방문 시 기왕의 당뇨병 여부에 \n대한 검사(공복혈장포도당, 무작위 혈장포도당 혹은 당화혈색소)를 \n하도록 권고한다.\nⅠA 1, 2, 6-10\n∙ 이전에 당뇨병이나 임신당뇨병 B\n으로 진단받지 않은 임부인 경우 \n임신 24-28주에 2시간 75 g 경구포도당부하검사를 권고한다\n(1단계 접근법, one step approach).\nⅠA 1, 2, \n11-13\n∙ 기존의 2단계 접근법(two step approach)을 이용할 경우는 \n50 g 경구포도당부하 후 1시간 혈장포도당 140 mg/dL (고위험 \n임부의 \n경우 130 mg/dL)이상이면 선별검사 양성으로 판정하여 \n1 0 0  g  경 구 포 도당부하검사를 권고한다.\nⅠA 1, 11-13\n¶ 진단기준 \n∙ 첫 산전 방문 검사 시 당뇨병의 일반 진단기준 적용을 권고 한다. ⅠA 1, 2, 6, 14\n∙ 임신 24-28주 사이에 시행한 75 g 경구포도당부하검사 b)에서 \n다음 중 하나 이상을 만족하는 경우 임신당뇨병으로 진단할 수 \n있다.\n  ① 공복혈장포도당 ≥ 92 mg/dL\n  ② 포도당부하 후 1시간 혈장포도당 ≥ 180 mg/dL\n  ③ 포도당부하 후 2시간 혈장포도당 ≥ 153 mg/dL\nⅡa B 1, 2, 6, 15\n∙ 기존의 2단계 접근법c)으로 100 g 경구포도당부하검사를 시행한 \n경우는 다음 기준 중 두 가지 이상을 만족하는 경우 임신당뇨병\n으로 진단할 수 있다.\n  ① 공복혈장포도당 ≥ 95 mg/dL\n  ② 포도당부하 후 1시간 혈장포도당 ≥ 180 mg/dL\n  ③ 포도당부하 후 2시간 혈장포도당 ≥ 155 mg/dL\n  ④ 포도당부하 후 3시간 혈장포도당 ≥ 140 mg/dL\nⅡa A 1, 16']","['Ⅰ. 당뇨병 총론\n21\n 3. 임신당뇨병 진단기준\n권고 적용군 임부 진료환경 진료실\n중재/실행지표 당뇨병 선별검사\n비교지표 당뇨병 선별검사 미시행\n결과물 태아와 임산부 주산기 합병증 예방\n권고 내용 권고등급 근거수준 권고도출 \n자료원\n ¶ 선별검사\n∙ 모든 임부를 대상으로 첫 산전 방문 시 기왕의 당뇨병 여부에 \n대한 검사(공복혈장포도당, 무작위 혈장포도당 혹은 당화혈색소)를 \n하도록 권고한다.\nⅠA 1, 2, 6-10\n∙ 이전에 당뇨병이나 임신당뇨병 B\n으로 진단받지 않은 임부인 경우 \n임신 24-28주에 2시간 75 g 경구포도당부하검사를 권고한다\n(1단계 접근법, one step approach).\nⅠA 1, 2, \n11-13\n∙ 기존의 2단계 접근법(two step approach)을 이용할 경우는 \n50 g 경구포도당부하 후 1시간 혈장포도당 140 mg/dL (고위험 \n임부의 \n경우 130 mg/dL)이상이면 선별검사 양성으로 판정하여 \n1 0 0  g  경 구 포 도당부하검사를 권고한다.\nⅠA 1, 11-13\n']",1.0,0.6049983397075459,0.99999999995,1.0
심부전 환자에게 메트포민을 사용하는 경우 어떤 조건을 고려해야 하나요?,"심부전 환자에게 메트포민을 사용하는 경우, 신기능이 정상인 안정된 심부전 환자에서 사용할 수 있으며, 심부전으로 입원하였거나 조절되지 않는 심부전인 경우에는 메트포민의 배제를 고려해야 합니다.","심부전 환자에게 메트포민을 사용하는 경우, 신기능이 정상이라면 안정된 심부전 환자에게서 메트포민을 사용할 수 있지만, 심부전으로 입원하였거나 조절되지 않는 심부전인 경우에는 메트포민의 배제를 고려해야 한다.","['ⅠA 13\n∙ 증상이 있는 심부전 환자에게서 싸이아졸리딘다이온은 배제할 것을 고려\n한다.\nⅡa B 1, 2, 8, \n10\n∙ 신기능이 정상이라면 안정된 심부전 환자에게서 메트포민을 사용\n할 수 있다. 심부전으로 입원하였거나, 조절되지 않는 심부전인 \n경우에는 메트포민의 배제를 고려한다.\nⅡa C 1, 2, 8, \n10\n∙ 심부전을 동반한 경우 SGLT2억제제를 포함한 치료를 우선 고려한다. Ⅱa A 14-21\n∙ 죽상경화 심혈관질환을 동반하고 혈당강하제의 병용요법이 필요한 \n경우 SGLT2억제제 혹은 GLP-1수용체작용제를 포함한 치료를 우선 \n고려한다.\nⅡa B 22-28', '부록 3\n247\n권고 내용 권고등급 근거수준\n¶ 심혈관질환의 치료를 해야 한다.\nⅣ. 심혈관질환의 치료\n∙ 모든 당뇨병 환자에게 금연을 권고한다.\nⅠA\n∙ 2형당뇨병 환자의 경우 비치명적 심근경색 및 뇌졸중을 감소시키기 위해 \n여러 가지 심혈관질환 위험인자를 관리할 것을 권고한다.\nⅠA\n∙ 증상이 있는 심부전 환자에게서 싸이아졸리딘다이온은 배제할 것을 고려한다. Ⅱa B\n∙ 신기능이 정상이라면 안정된 심부전 환자에게서 메트포민을 사용할 수 있다. \n심부전으로 입원하였거나, 조절되지 않는 심부전인 경우에는 메트포민의 \n배제를 고려한다.\nⅡa C\n∙ 심부전을 동반한 경우 SGLT2억제제를 포함한 치료를 우선 고려한다. Ⅱa A\n∙ 죽상경화 심혈관질환을 동반하고 혈당강하제의 병용요법이 필요한 경우 \nSGLT2억제제 혹은 GLP-1수용체작용제를 포함한 치료를 우선 고려한다.\nⅡa B\n2. 당뇨병신장질환 ①\n∙ 2형당뇨병 성인에게 당뇨병 진단 시 그리고 적어도 매년 당뇨병신장질환의 선별\n검사를 권고한다.\nⅠA\n∙ 선별검사로는 알부민뇨를 확인하기 위한 소변알부민/크레이티닌비와 혈청 \n크레아티닌을 이용한 추정사구체여과율(eGFR)을 권고한다.\nⅠA\n∙ 3개월 이상 소변알부민/크레이티닌비가 30 mg/g 이상이거나 추정사구체\n여과율이 60 mL/min/1.73 m \x13 미만인 경우 당뇨병신장질환 진단한다.\nⅠB\n∙ 아래의 경우, 당뇨병이 아닌 다른 질환에 의한 신장질환을 고려한다.']","['<1-hop>\n\n근거를 검토하고 전문가 의견을 취합하여 논의한 \n결과, 권고 관련 얻을 수 있는 이익이 크고 발생 가능한 불이익이 거의 없을 것으로 판단함.\n진료 시 고려할 점\n∙ 심혈관질환 선별 목적으로 심혈관 위험인자가 동반된 환자, 고령환자, 심혈관질환의 가족력 병력이 동반된 \n환자에서 진료 시 심혈관질환 검사를 고려한다.\n∙ 심혈관질환 정밀검사로는 운동부하검사, 스트레스 심초음파 검사, 스트레스 심장스캔, 다중채널 심장\n혈관 컴퓨터 전산화 단층 촬영(Multi-Detector Coronary CT) 등이 있다.\n∙ 진료 의뢰: 심혈관질환 선별검사에서 양성소견 보인 환자\n권고 내용 권고\n등급\n근거\n수준\n권고도출 \n자료원\n¶ 심혈관질환의 치료를 해야 한다.\nⅣ. 심혈관질환의 치료 E\n∙ 모든 당뇨병 환자에게 금연을 권고한다. ⅠA 1, 4, 5, 6, \n9, 11, 12\n∙ 2형당뇨병 환자의 경우 비치명적 심근경색 및 뇌졸중을 감소시키기 \n위해 여러 가지 심혈관질환 위험인자를 관리할 것을 권고한다.\nⅠA 13\n∙ 증상이 있는 심부전 환자에게서 싸이아졸리딘다이온은 배제할 것을 고려\n한다.\nⅡa B 1, 2, 8, \n10\n∙ 신기능이 정상이라면 안정된 심부전 환자에게서 메트포민을 사용\n할 수 있다. 심부전으로 입원하였거나, 조절되지 않는 심부전인 \n경우에는 메트포민의 배제를 고려한다.\nⅡa C 1, 2, 8, \n10\n∙ 심부전을 동반한 경우 SGLT2억제제를 포함한 치료를 우선 고려한다. Ⅱa A 14-21\n∙ 죽상경화 심혈관질환을 동반하고 혈당강하제의 병용요법이 필요한 \n경우 SGLT2억제제 혹은 GLP-1수용체작용제를 포함한 치료를 우선 \n고려한다.\nⅡa B 22-28', '<2-hop>\n\n50\n5.  약물치료\n권고 적용군 2형당뇨병 환자 진료환경 진료실\n중재/실행지표 약물치료\n비교지표 약물 사용하지 않음\n결과물 혈당조절 목표 도달과 당뇨병합병증 예방\n 권고 내용 권고등급 근거수준 권고도출 \n자료원\n¶  초기 치료 B\n∙ 당뇨병합병증을 예방하기 위해 혈당을 철저하게 조절해야 \n하며 이를 위해서는 당뇨병 진단 초기부터 적극적인 생활습관 \n교정과 함께 개별화된 약물치료를 권고한다.\nⅠA 1, 55\n∙ 경구약제의 첫 치료법으로 메트포민(metformin)을 우선적으로 \n고려하나, 환자 상태에 따라 다른 약제 선택을 권고한다.\nⅠA 1, 44, 48, \n49, 53, 54\n∙ 진단 시 당화혈색소가 7.5% 이상인 경우 초기부터  병용요법을\n고려한다.\nⅡa A 46, 56\n∙ 심각한 고혈당(당화혈색소 ＞ 9.0%)과 함께 고혈당으로 인한 \n증상(다음, 다뇨, 체중감소 등)이 동반된 경우는 인슐린 치료를\n고려할 수 있다.\nⅡb Guideline 2, 3\n∙ 약제를 선택할 때 동반질환(심부전, 죽상경화심혈관질환, \n만성신장질환) 여부, 혈당강화 효과 저혈당 위험도, 체중에 \n대한 영향, 부작용, 치료 수용성, 비용, 환자의 선호도를 고려한다.\nⅡa A 45, 47, \n51, 52, 58\n¶ 병용요법 C\n \n∙ 단독요법으로 혈당조절 목표 도달에 실패할 경우 용량을 \n늘리거나 작용기전이 다른 약제와 병용요법을 고려한다.\nⅡa Guideline 1\n¶ ']",1.0,0.7137824608247686,0.99999999995,1.0
"당뇨병 환자에서 심부전의 위험을 줄이기 위해 어떤 약물 치료가 권장되며, 심부전과 관련된 동반 질환은 무엇인가요?","당뇨병 환자에서 심부전의 위험을 줄이기 위해 SGLT2 억제제를 포함한 치료가 우선 고려됩니다. 또한, 심부전 환자에게는 싸이아졸리딘다이온의 사용을 배제할 것을 고려해야 합니다. 심부전과 관련된 동반 질환으로는 죽상경화 심혈관질환이 있습니다.","당뇨병 환자에서 심부전의 위험을 줄이기 위해서는 혈당을 철저하게 조절해야 하며, 이를 위해 초기부터 적극적인 생활습관 교정과 개별화된 약물 치료가 권장됩니다. 약제를 선택할 때는 동반 질환으로 심부전, 죽상경화심혈관질환, 만성신장질환 여부를 고려해야 합니다.","['부록 3\n247\n권고 내용 권고등급 근거수준\n¶ 심혈관질환의 치료를 해야 한다.\nⅣ. 심혈관질환의 치료\n∙ 모든 당뇨병 환자에게 금연을 권고한다.\nⅠA\n∙ 2형당뇨병 환자의 경우 비치명적 심근경색 및 뇌졸중을 감소시키기 위해 \n여러 가지 심혈관질환 위험인자를 관리할 것을 권고한다.\nⅠA\n∙ 증상이 있는 심부전 환자에게서 싸이아졸리딘다이온은 배제할 것을 고려한다. Ⅱa B\n∙ 신기능이 정상이라면 안정된 심부전 환자에게서 메트포민을 사용할 수 있다. \n심부전으로 입원하였거나, 조절되지 않는 심부전인 경우에는 메트포민의 \n배제를 고려한다.\nⅡa C\n∙ 심부전을 동반한 경우 SGLT2억제제를 포함한 치료를 우선 고려한다. Ⅱa A\n∙ 죽상경화 심혈관질환을 동반하고 혈당강하제의 병용요법이 필요한 경우 \nSGLT2억제제 혹은 GLP-1수용체작용제를 포함한 치료를 우선 고려한다.\nⅡa B\n2. 당뇨병신장질환 ①\n∙ 2형당뇨병 성인에게 당뇨병 진단 시 그리고 적어도 매년 당뇨병신장질환의 선별\n검사를 권고한다.\nⅠA\n∙ 선별검사로는 알부민뇨를 확인하기 위한 소변알부민/크레이티닌비와 혈청 \n크레아티닌을 이용한 추정사구체여과율(eGFR)을 권고한다.\nⅠA\n∙ 3개월 이상 소변알부민/크레이티닌비가 30 mg/g 이상이거나 추정사구체\n여과율이 60 mL/min/1.73 m \x13 미만인 경우 당뇨병신장질환 진단한다.\nⅠB\n∙ 아래의 경우, 당뇨병이 아닌 다른 질환에 의한 신장질환을 고려한다.', '99\nⅢ. 당뇨병과 합병증\n1. 심혈관질환 위험인자 평가\n권고 적용군 2형당뇨병 환자 진료환경 진료실\n중재/실행지표 심혈관질환 위험인자 평가 및 선별검사\n비교지표 심혈관질환 위험인자 평가 및 선별검사 미시행\n결과물 심혈관질환 발생률 및 사망률 감소\n권고 내용 권고\n등급\n근거\n수준\n권고도출 \n자료원\n¶ 2형당뇨병 환자에게서 심혈관질환과 연관된 위험인자를 평가해야 한다.\nI. 심혈관질환과 연관된 위험인자의 평가 B\n∙ 당뇨병 환자에서 심혈관질환 예방을 위한 적극적인 노력의 일환으로 \n다음과 같은 심혈관질환 위험인자 평가를 권고한다. \n  ① 성별, 나이, 혈압, 흡연여부, 이상지질혈증(총콜레스테롤, HDL \n콜레스테롤, LDL 콜레스테롤, 중성지방), 복부비만 등을 평가\n한다.\n  ② 당뇨병 환자의 심혈관질환의 위험인자를 평가하기 위해서 \nUKPDS (UK Prospective Diabetes Study) engine, 프래밍험\n위험 지수(Framingham risk score), NCEP (National \nCholesterol Education Program) 및 IDF (International \nDiabetes Federation)가 제안한 대사증후군 기준을 이용하도록\n권고한다.\nⅠA 1, 4, 5, 6, \n9, 11, 12\n¶ 심혈관질환을 선별하기 위한 검사를 시행해야 한다.\nⅡ. 심혈관질환을 선별하기 위한 검사 C\n∙ 다음과 같은 상황에서 심혈관질환 정밀검사를 고려한다.\n  ① 전형적이거나 비전형적인 심장 증상이 있는 경우\n  ② 심전도에서 허혈이나 경색이 의심되는 경우\n  ③ 말초혈관 혹은 경동맥의 폐색질환이 있는 경우\n  ④ 35세 이상이면서 앉아서 일하는 생활습관을 가진 당뇨병 성인이\n강도 높은 운동을 시작하려는 경우\nⅡa Guideline 1, 7\nⅢ. 말초혈관질환 선별을 위한 검사 D\n∙ 무증상의 말초혈관질환이 많으므로 시진 및 촉진을 주의 깊게 시행할 \n것을 권고한다.']","['<1-hop>\n\n101\n Ⅲ. 당뇨병과 합병증\n  근거 설명\na) 당뇨병 환자의 가장 흔한 사망원인은 심혈관질환으로 당뇨병이 없는 사람에 비해 남자의 경우 2-3배, 여자의 \n경우 3-5배 위험도가 높기 때문에 혈당조절과 더불어 심혈관질환의 여러 위험인자에 대한 평가 및 조절이 \n반드시 필요하다.\x12\r\x13 당뇨병 환자에게서 흔히 발생하는 심혈관계 합병증은 관상동맥질환, 뇌졸중, 말초동맥질환, \n심근증, 심부전 등이다.\x14 \n1967년 발표된 프래밍험 위험지수(Framingham risk score)는 여러 가지 심혈관질환 위험인자(성별 , 나이, \n수축기 혈압, 흡연, 당뇨병, 총 콜레스테롤, HDL 콜레스테롤)를 통해 심혈관질환 발생 위험도를 계산한다. \n대사증후군 정의는 여러 기관에서 발표하였지만 NCEP (National Cholesterol Education P rogram, Adult \nTreatment Panel III)과 2005년 세계당뇨병학회(IDF: International Diabetes  Federation)에서 발표한 \n내용이 임상에서 쉽게 적용할 수 있다.\n\x15\n 심혈관질환 위험인자 평가는 여러 가지 방법이 제시되어 왔으나, Anderson이 1991년에 제시한 내용이 편리성이 \n높아 가장 널리 사용하고 있지만 \x16 연속변수를 사용한다는 점, 심전도검사를 시행해야 한다는 점, 협심증의 \n경우는 재현성이 떨어질 수 있다는 점, 그리고 동반된 다른 지침이 결여되어 있다는 단점이 있었다. 이러한 \n단점을 극복하기 위해 Wilson 등이 고식적인 프래밍험 위험지수에서 심전도를 빼고, 심근경색과 관상동맥질환에 \n의한 사망을 최종 결과지표로 하는 새로운 기준을 제시하였다(표 4, 표 5).\n6\n2001년에는 ', '<2-hop>\n\n50\n5.  약물치료\n권고 적용군 2형당뇨병 환자 진료환경 진료실\n중재/실행지표 약물치료\n비교지표 약물 사용하지 않음\n결과물 혈당조절 목표 도달과 당뇨병합병증 예방\n 권고 내용 권고등급 근거수준 권고도출 \n자료원\n¶  초기 치료 B\n∙ 당뇨병합병증을 예방하기 위해 혈당을 철저하게 조절해야 \n하며 이를 위해서는 당뇨병 진단 초기부터 적극적인 생활습관 \n교정과 함께 개별화된 약물치료를 권고한다.\nⅠA 1, 55\n∙ 경구약제의 첫 치료법으로 메트포민(metformin)을 우선적으로 \n고려하나, 환자 상태에 따라 다른 약제 선택을 권고한다.\nⅠA 1, 44, 48, \n49, 53, 54\n∙ 진단 시 당화혈색소가 7.5% 이상인 경우 초기부터  병용요법을\n고려한다.\nⅡa A 46, 56\n∙ 심각한 고혈당(당화혈색소 ＞ 9.0%)과 함께 고혈당으로 인한 \n증상(다음, 다뇨, 체중감소 등)이 동반된 경우는 인슐린 치료를\n고려할 수 있다.\nⅡb Guideline 2, 3\n∙ 약제를 선택할 때 동반질환(심부전, 죽상경화심혈관질환, \n만성신장질환) 여부, 혈당강화 효과 저혈당 위험도, 체중에 \n대한 영향, 부작용, 치료 수용성, 비용, 환자의 선호도를 고려한다.\nⅡa A 45, 47, \n51, 52, 58\n¶ 병용요법 C\n \n∙ 단독요법으로 혈당조절 목표 도달에 실패할 경우 용량을 \n늘리거나 작용기전이 다른 약제와 병용요법을 고려한다.\nⅡa Guideline 1\n¶ ']",0.6666666666666666,0.7458123850277798,0.99999999995,1.0
총 콜레스테롤 뭐에요?,"총 콜레스테롤은 혈중 지질 검사에서 측정되는 지질의 한 종류로, LDL 콜레스테롤, HDL 콜레스테롤, 중성지방 등을 포함한 전체적인 콜레스테롤 수치를 의미합니다. 당뇨병 환자에서는 이상지질혈증의 발생 빈도가 높아지므로, 전체 지질 평가가 권장됩니다.",총 콜레스테롤은 심혈관질환 고위험군과 저위험군에서 향후 10년 내에 발생할 수 있는 심혈관질환의 사망위험률을 평가하는 데 사용되는 지표입니다.,"['① LDL 콜레스테롤 ＜ 100 mg/dL \n  ② 중성지방 ＜ 150 mg/dL\n  ③ HDL 콜레스테롤 ＞ 40 mg/dL (남자), \n＞ 50 mg/dL (여자)\nⅠA\n∙ 심혈관질환이 있거나 심혈관질환 고위험 당뇨병 환자의 경우 LDL 콜레스테롤을\n70 mg/dL 미만으로 조절할 것을 고려한다.\nⅡa B\n∙ 당뇨병 환자의 혈중 지질이상의 치료 시 non-HDL 콜레스테롤, Apo B 등도 \n치료 목표로 사용을 고려할 수 있다.\nⅡb D\n∙ LDL 콜레스테롤 목표치 도달을 우선시하고, 도달하지 못한 경우 약물치료를 \n하며, 일차치료약제로는 스타틴을 권고한다.\nⅠA\n∙ 적정용량의 스타틴으로 LDL 콜레스테롤 목표치에 도달하지 못한 경우 \n에제티미브 추가를 고려한다.\nⅡa A', '68\n 근거 설명\na) 당뇨병 환자에서는 일반인에서보다 이상지질혈증의 발생빈도가 매우 높고 이러한 이상지질혈증의 동반은 심혈\n관계 합병증 발생에 중요한 역할을 한다. 따라서 모든 당뇨병 환자는 당뇨병 진단 시와 매년 혈중 지질검사를 \n시행하는 것을 고려한다. 특히 당뇨병 환자에서는 동맥경화유발성 이상지질혈증(중성지방증가, HDL 콜레스테롤 \n감소, 작고 치밀한 LDL 콜레스테롤 증가)의 양상이 나타나므로 콜레스테롤 검사 시 전체 지질평가를 시행\n하도록 권고한다.\n\x12\x11\r\x12\x12\nb) 이상지질혈증이 동반된 모든 당뇨병 환자는 적극적인 생활습관교정을 시행하도록 교육하여야 한다. 포화지방과 \n트랜스지방의 섭취를 줄이고 불포화지방산과 섬유질의 섭취를 늘리는 것이 도움이 되며 과체중의 경우 식이조절을 \n통하여 체중을 감량하도록 노력하는 것이 좋다. 또한 적절한 운동은 지질개선에도 도움이 되며 체중감소에도 \n도움을 준다.\n\x12\x11\r\x12\x12\nc) 이미 심혈관질환이 존재하거나 흡연, 고혈압, 심장질환으로 인한 조기 사망의 가족력 중 하나라도 있는 환자는 \n최고위험(highest-risk) 환자로 구분하여 LDL 콜레스테롤을 70 mg/dL 미만으로 낮추는 것을 고려한다. 이는 \n급성 관상동맥증후군 및 이전에 심혈관계 질환의 병력을 포함하는 고위험군 환자에게 보다 적극적으로 고용량의 \n스타틴을 투여하여 LDL 콜레스테롤을 70 mg/dL 미만으로 낮춘 경우 보다 더 좋은 예방효과를 보인 임상연구 \n자료에 기인한다.\n\x12\x13\nd) LDL 콜레스테롤의 목표 수치를 지정하는 것이 아닌 기저치의 30-40% 이상 감소시키는 것을 또 다른 목표치로 \n활용할 수 있는데 이는 LDL 콜레스테롤의 기저치가 너무 높거나 또는 100 mg/dL를 약간 초과한 경우, \n그리고 약물의 최대량까지 사용하지 못하는 경우 사용할 수 있다.']",['그림 1.  당뇨병말초신경병증 진단 알고리즘 ············································ 1 1 8\n그림 2.  당뇨병말초신경병증 치료 알고리즘 ············································ 1 1 9\n그림 3.  심혈관질환 고위험군에서 향후 10년 내에 발생할 수 있는 \n심혈관질환의 사망위험률 (총 콜레스테롤에 근거한 도표) ······· 1 5 7\n그림 4.  심혈관질환 저위험군에서 향후 10년 내에 발생할 수 있는 \n심혈관질환의 사망위험률 (총 콜레스테롤에 근거한 도표) ······· 1 5 8\n< 개발 방법(2013-2014)>\n그림 5.  당뇨병 가이드라인 선정 흐름도 ················································· 1 8 8\n그림 6.  당뇨병 가이드라인 질 평가 결과 ··············································· 1 8 9\n그림 7.  디지털 가이드라인 사용법 안내 리플릿 · ··································· 1 9 7\n<'],0.5,0.728900246687029,0.49999999995,0.0
프래밍험 위험지수는 무엇을 평가하는 데 사용되나요?,프래밍험 위험지수는 개인의 심혈관질환 위험성을 평가하는 데 사용됩니다. 이 지수는 개인이 가지고 있는 위험인자를 점수화하여 향후 10년 동안 심혈관질환의 발생 위험을 예측하는 방법입니다.,프래밍험 위험지수는 심혈관 질환의 위험도를 평가하는 데 사용됩니다. 이 지수는 TC 또는 LDL-C 카테고리를 사용하여 남성과 여성의 CHD score sheet를 작성하는 데 활용됩니다.,"['6\n2001년에는 NCEP Adult Treatment Panel III (ATP III)에서 프래밍험 공식에 근거한 새로운 기준안을 발표\n하였다(웹사이트: http://cvdrisk.nhlbi.nih.gov/calculator.asp). NCEP-ATP III에서는 개인의 심혈관질환 \n위험성을 평가하되 다음과 같이 점수화하는 방법을 제시하였다. 우선 개인이 가지고 있는 위험인자를 확인하고 \n이를 점수화한다. 그리고 2개 이상의 위험인자를 가진 사람에 있어서 향후 10년 동안 심혈관질환의 발생위험을 \n예측하기 위해 프래밍험 위험지수를 이용한다(표 6). 이렇게 점수화하여 심혈관질환의 발생을 예측하는 것이 \n위험성이 높은 사람에게 적극적인 치료를 통하여 질병 발생을 줄일 수 있는 사람을 발견 할 수 있다는 점에서 \n장점이 있다. 2003년에는 유럽국가들이 SCORE (Systemic Coronary Risk Evaluation ) 시스템이라는 \n자신들의 고유한 위험성 평가기준을 제시하였다. 이 시스템은 유럽에서 진행된 연구를 기반으로 하고 있고 다섯 \n개의 항목 변수를 이용하였으며, 최종 결과지표로 향후 10년 이내에 발생할 수 있는 심혈관질환의 사망위험률을 \n계산하였다. 유럽에선 현재 SCORE 시스템을 심혈관질환 위험지수로 추천하고 있다(그림 3, 그림 4).\n7\nUKPDS 연구는 당뇨병 환자에 시금석과 같은 대규모 연구라 할 수 있는데, 당뇨병 환자에서 심혈관계 위험\n인자를 평가하는 여러 가지 방법들을 비교한 최근의 연구 결과에서 UKPDS engine이 가장 정확하게 심혈관계 \n위험인자를 평가할 수 있는 방법으로 보고하였다. 따라서 당뇨병 환자에서 심혈관계 위험인자를 계산할 때 \nUKPDS engine이나 Framingham risk score, SCORE 시스템 등의 방법을 이용할 수 있겠으나, 현실적으로 \n진료 시에 간단하게 위험인자를 평가하는 데에는 NCEP, IDF 대사증후군 진단기준을 적용하는 것이 편리할 \n것으로 생각된다.\nb) 2형당뇨병에서 고혈압, 고지혈증 등에 대한 치료들이 심혈관질환의 위험을 감소시키는 것이 잘 증명되어 있지만, \n심혈관질환을 완전히 예방할 수 있는 치료는 없다. 그러므로 심혈관질환을 조기에 진단하는 것이 무엇보다 중요\n하다.', '부록 1\n151\n부록 1\n1. 프래밍험 위험지수\n\x12ࣻ']",['표 1.  연속혈당측정 결과를 평가하기 위한 핵심분석항목 ························· 4 3\n표 2.  당뇨병 동반질환에 따른 권장운동 및 금기운동 ······························ 4 8\n표 3.  혈당강하제의 종류와 특징 · · ······························································ 5 4\n표 4.  TC 또는 LDL-C 카테고리를 사용한 남성용 \nCHD score sheet: 프래밍험 위험지수 · · · · · · · · · · · · · · · · · · · · · · · · · · · · · · · · · · · · ··151\n표 5.  TC 또는 LDL-C 카테고리를 사용한 여성용 \nCHD score sheet: 프래밍험 위험지수 · · · · · · · · · · · · · · · · · · · · · · · · · · · · · · · · · · · · ··153\n표 6.  NCEP-ATPⅢ에 의한 주요위험인자의 점수화와 \n향후 10년의 CHD 위험도 예측 · · · · · · · · · · · · · · · · · · · · · · · · · · · · · · · · · · · · · · · · · · · · ······· 1 5 5\n< 개발 방법(2013-2014)>\n표 7. 진료지침 개발의 단계별 개발 내용 ··············································· 1 8 2\n표 8. 검 색  전 략  및  검 색 식 ······································································ 1 8 4\n표 9. 당뇨병 가이드라인 스크리닝 현황 및 문헌 선정 건수 · · · · · · · · · · · · · · · ·185\n표 10.  근거(진료지침) 선정 포함 기준 및 배제 기준 ···························· 1 8 7\n표 11.  권고안 매트릭스 작성 예시 ························································· 1 9 0\n표 12.  권 고  초 안  도 출  방 법 ··································································· 1 9 1\n표 13.  활용한 기 개발 당뇨병 가이드라인 목록 ···································· 1 9 5\n<'],1.0,0.746804506223687,0.9999999999,0.5
"UKPDS 연구와 HbA1c 수준의 관계는 무엇이며, 이 연구가 당뇨병 관리에 미친 영향은 무엇인가요?","UKPDS 연구에서는 철저한 혈당조절이 미세혈관합병증의 발생을 줄이는 데 기여했으며, 당화혈색소(HbA1c) 수준이 7.0-7.4%에 도달했을 때 이러한 효과가 나타났습니다. 이 연구는 심근경색증 발생률과 총사망률을 줄이는 데도 긍정적인 영향을 미쳤습니다. 따라서 UKPDS 연구는 2형 당뇨병 환자에게 혈당조절 목표를 설정하는 데 중요한 기준이 되었으며, 일반적으로 HbA1c 6.5% 미만이 적절한 목표로 제시되었습니다. 이러한 결과는 당뇨병 관리에 있어 혈당조절의 중요성을 강조하며, 합병증 예방을 위한 치료 전략에 큰 영향을 미쳤습니다.","UK Prospective Diabetes Study (UKPDS) 연구는 혈당 조절의 중요성을 강조하며, HbA1c 수준과 혈관 합병증 및 사망 간의 연관성을 보여주었습니다. 이 연구는 2형 당뇨병 환자에서 혈당 조절이 합병증의 위험을 줄이는 데 중요한 역할을 한다는 것을 입증하였으며, 이는 당뇨병 관리 전략에 큰 영향을 미쳤습니다.","['38\n 근거 설명\na) 철저한 혈당조절은 당뇨병합병증을 예방할 수 있다. Kumamoto 연구 \x14와 UK Prospective Diabetes Study \n(UKPDS)\x15, 비교적 오랜 유병 기간을 가진 당뇨병 환자들을 대상으로 했던 Action in Diabetes and \nVascular Disease: Preterax and Diamicron MR Controlled Evaluati on (ADVANCE)과 Veterans \nAffairs Diabetes Trial (VADT) 연구에서도 철저한 혈당조절은 미세혈관합병증의 발생을 줄였다\x16. UKPDS에서는 \n심근경색증 발생률과 총사망률도 줄일 수 있었다. 철저한 혈당조절로 실제 도달했던 당화혈색소는 Kumamoto \n연구와 UKPDS에서 7.0-7.4%였고, ADVANCE, VADT 연구에서는 6.5-6.9%였다. Kumamoto 연구자들은 \n미세혈관합병증을 예방하기 위한 혈당조절 목표로 당화혈색소 6.5% 미만을 제시하였고, ADVANCE 연구에서 \n대혈관합병증을 줄일 수 있는 당화혈색소의 역치는 7.0%, 미세혈관합병증에 대해서는 6.5%라 보고했다\n\x13. 이런 \n연구 결과들을 고려할 때 2형당뇨병 성인에게서 일반적인 혈당조절의 목표는 6.5% 미만이 적절할 것이다.\nb) 모든 환자들이 적극적인 혈당조절의 이득을 얻을 수 있는 것은 아니다. 일부 연구에서는 합병증 예방효과를 \n입증하지 못했고, ACCORD 연구에서는 적극적인 치료가 오히려 사망률을 높이는 결과도 보여 주었다\n[hazard ratio 1.22 (95% CI 1.01 to 1.46)] \x16. 사망률 증가의 기전으로 적극적인 치료군에서 높을 수밖에 \n없는 저혈당을 주목하였으나, 직접적인 연관성은 밝혀지지 않았다. 이후 사후(post-hoc)분석에서 연구 참여 \n당시 혈당조절이 나쁘지 않았거나, 심혈관질환이 없었던 환자들에게서는 적극적인 혈당조절의 이점이 관찰\n되었다. 반면 당뇨병 유병 기간이 길거나, 심한 저혈당의 발생 병력이 있던 경우, 고령이거나 노쇠한 경우, \n심한 죽상경화증을 갖고 있는 경우에서는 오히려 덜 엄격한 치료가 나은 결과를 보였다. 여러 연구 결과들을 \n종합하면, 혈당을 철저히 조절하는 것은 합병증 예방에 확실한 이득을 가져다준다.', '91\nⅡ. 당뇨병 관리\n14 randomised trials of statins: a meta-analysis. Lancet 2008;3 71:117–125.\n85. Nissen SE, Tuzcu EM, Schoenhagen P, et al. Effect of intensi ve compared with \nmoderate lipid-lowering therapy on progression of coronary athe rosclerosis: a randomized \ncontrolled trial. JAMA 2004;291:1071-1080. \n86. Shepherd J, Barter P, Carmena R, et al. Effect of lowering L DL cholesterol substantially \nbelow currently recommended levels in patients with coronary he art disease and \ndiabetes: the Treating to New Targets (TNT) study. Diabetes Car e 2006;29:1220-1226. \n87. Stevens RJ, Kothari V, Adler AI, et al. The UKPDS risk engin e: a model for the risk of \ncoronary heart disease in Type II diabetes (UKPDS 56). Clin Sci  (Lond) 2001;101: \n671-679.\n88. Cushman WC, Evans GW, Byington RP, et al. ACCORD Study Group . Effects of \nintensive blood-pressure control in type 2 diabetes mellitus. N  Engl J Med 2010;362: \n1575-1585. \n8 9 . A r n o l d  S V ,  B h a t t  D L ,  B a r s n e s s  G W ,  e t  a l .  C l i n i c a l  m a n a g e m e n t of stable coronary artery \ndisease in patients with type 2 diabetes mellitus: a scientific  s t a t e m e n t  f r o m  t h e  \nAmerican Heart Asso ciation. Circulation 2020;141:e779-e806. \n90. Bakris GL, Gaxiola E, Messerli FH, et al. INVEST Investigato rs. Clinical outcomes in the \ndiabetes cohort of the INternational VErapamil SR-Trandolapril study. Hypertension \n2004;44:637-642.\n91. Bakris GL, Weir MR, Study of H, et al. Achieving goal blood pressure in patients with \ntype 2 diabetes: conventional versus fixed-dose combination app roaches. J Clin \nHypertens (Greenwich) 2003;5:202-209. \n92. Bangalore S, Fakheri R, Toklu B, et al. Diabetes mellitus as  a compelling indication for \nuse of renin angiotensin system blockers: systematic review and  meta-analysis of \nrandomized trials. BMJ 2016;352:i438. \n93. Berl T, Hunsicker LG, Lewis JB, et al. Cardiovascular outcom es in the Irbesartan Diabetic \nNephropathy Trial of patients with type 2 diabetes and overt ne phropathy. Ann Intern \nMed 2003;138:542-549. \n94. Buckley LF, Dixon DL, Wohlford GF, et al. Intensive versus s tandard blood pressure \ncontrol in SPRINT-eligible participants of ACCORD-BP. Diabetes Care 2017;40:1733-1738.\n95. Cook NR, Cutler JA, Obarzanek E, et al. Long term effects of  dietary sodium reduction \non cardiovascular disease outcomes: observational follow-up of the trials of hypertension \nprevention (TOHP). BMJ 2007;334:885-888. \n96. Heart Outcomes Prevention Evaluation Study Investigators. Ef fects of ramipril on \ncardiovascular and microvascular outcomes in people with diabet es mellitus: results of \nthe HOPE study and MICRO-HOP E substudy. Lancet 2000;355:253-259 . \n97. Elmer PJ, Obarzanek E, Vollmer WM, et al. Effects of compreh ensive lifestyle \nmodification on diet, weight, physical fitness, and blood press ure control: 18-month \nresults of a randomized trial. Ann Intern Med 2006;144:485-495.  \n98. Feldman RD, Zou GY, Vandervoort MK, et al. A simplified appr oach to the treatment of']","['<1-hop>\n\nUK Prospective Diabetes Study (UKPDS) Group. Intensive blood -glucose control with \nsulphonylureas or insulin compared with conventional treatment and risk of complications \nin patients with type 2 diabetes (UKPDS 33). Lancet 1998;352:83 7-853.\n18. Zoungas S, Chalmers J, Ninomiya T, et al. Advance Collaborat ive Group. Association of \nHbA1c levels with vascular complications and death in patients with type 2 diabetes: \nevidence of glycaemic thresho lds. Diabetologia 2012;55:636-643.\n19. Ajjan RA, Jackson N, Thomson SA, et al. Reduction in HbA1c u sing professional flash \nglucose monitoring in insulin-t reated type 2 diabetes patients managed in primary and \nsecondary care settings: a pilot, multicentre, randomised contr olled trial. Diab Vasc Dis \n2019;16(4):385-395.\n20. Beck RW, Riddlesworth TD, Ruedy K, et al. Continuous glucose  monitoring versus usual \ncare in patients with type 2 diabetes receiving multiple daily insulin injections: a \nrandomized trial. Ann Intern Med 2017;167:365-374.\n21. Nathan DM, Genuth S, Lachin J, et al. Diabetes Control and C omplications Trial Research \nGroup. The effect of intensive treatment of diabetes on the dev elopment and \nprogression of long-term com plications in insulin-dependent dia betes mellitus. N Engl J \nMed 1993;329:977-986.\n22. Haak T, Hanaire H, Ajjan R, et al. Flash glucose-sensing te chnology as a replacement \nfor blood glucose monitoring for the management of insulin-trea ted type 2 diabetes: a \nmulticenter, open-label randomized controlled trial. Diabetes T her 2017;8:55-73.\n23. Ida S, Kaneko R, Murata K, et al. Utility of real-time and r etrospective continuous glucose \nmonitoring in patients with type 2 diabetes mellitus: a meta-an alysis of randomized \ncontrolled trials. J Diabetes Res 2019;2019:4684815.\n24. Mannucci E, Antenore A, Giorgino F, et al. Effects of struct ured versus unstructured \nself-monitoring of blood glucose on glucose control in patients  with non-insulin-treated \ntype 2 diabetes: a meta-analysis of randomized controlled trial s. J Diabetes Sci Technol \n2018;12(1):183-189.\n25. Xu Y, Tan DHY, Lee JYC, et al. Evaluating the impact of self -monitoring of blood \nglucose frequencies on glucose control in patients with type 2 diabetes who do not use \ni n s u l i n :  a  s y s t e m a t i c  r e v i e w  a n d  m e t a - a n a l y s i s .  I n t  J  C l i n  P r a ct 2019;73(7):e13357.\n2 6 .Y a r o n  M ,  R o i t m a n  E ,  A h a r o n - H a n a n e l  G ,  e t  a l .  E f f e c t  o f  f l a s h glucose monitoring \ntechnology on glycemic control and treatment satisfaction in pa tients with type 2 \ndiabetes. Diabetes Care 2019;42(7):1178-1184.\n27. Young LA, Buse JB, Weaver MA, et al. Glucose self-monitoring  in non-insulin-treated \npatients with type 2 diabetes in primary care settings: a rando mized trial. JAMA Intern \nMed 2017;177(7):920-929.', '<2-hop>\n\ninsulin- dependent diabetes: a 10-year prospective study. Diabe t Med 1995;12:482-487. 31. Lemley KV, Abdullah I, Myers BD, et al. Evolution of incipie nt nephropathy in type 2 diabetes mellitus. Kidney Int 2000;58:1228-1237. 32. Gall MA, Nielsen FS, Smidt UM, et al. The course of kidney f unction in type 2 (non-insulin- dependent) diabetic patients with diabetic nephro pathy. Diabetologia 1993;36:1071-1078. 33. Jacobsen P, Rossing K, Tarnow L, et al. Progression of diabe tic nephropathy in normotensive type 1 diabetic patients. Kidney Int Suppl 1999;71 :S101-S105. 34. NICE. Type 2 diabetes in adults: management (NG28). 2015. 35. National Kidney Foundation. KDOQI clinical practice guidelin e for diabetes and CKD: 2012 update. Am J Kidney Dis 2012;60(5):850-886. 36. Ahn CW, Song YD, Kim JH, et al. The validity of random urine specimen albumin measurement as a screening test for diabetic nephropathy. Yonse i Med J 1999;40:40-45. 37. Kouri TT, Viikari JS, Mattila KS, et al. Microalbuminuria. I nvalidity of simple concentration- based screening tests for early nephropathy due to urinary volu mes of diabetic patients. Diabetes Care 1991;14:591-593. 38. Rodby RA, Rohde RD, Sharon Z, et al. The urine protein to cr eatinine ratio as a predictor of 24-hour urine protein excretion in type 1 diabetic patients with nephropathy. The Collaborative Study Gro up. Am J Kidney Dis 1995;26:904-909. 39. Chaiken RL, Khawaja R, Bard M, et al. Utility of untimed uri nary albumin measurements in assessing albuminuria in black NIDDM subjects. Diabetes Care 1997;20:709-713. 40. Bakker AJ. Detection of microalbuminuria. Receiver operating characteristic curve analysis favors albumin-to-creatinine ratio over albumin concentration. Diabetes Care 1999;22:307-313. 41. Huttunen NP, Kaar M, Puukka R, et al. Exercise-induced prote inuria in children and adolescents with type 1 (insulin dependent) diabetes. Diabetolo gia 1981;21:495-497. 42. Solling J, Solling K, Mogensen CE. Patterns of proteinuria a nd circulating immune complexes in febrile patients. Acta Med Scand 1982;212:167-169. 43. Ritz E. Nephropathy in type 2 diabetes. J Intern Med 1999;24 5:111-126. 44. Wiseman M, Viberti G, Mackintosh D, et al. Glycaemia, arteri al pressure and micro- albuminuria in type 1 (insulin-dependent) diabetes mellitus. Di abetologia 1984;26:401-405. 45. Ravid M, Savin H, Lang R, et al. Proteinuria, renal impairme nt, metabolic control, and blood pressure in type 2 diabetes mellitus. A 14-year follow-up report on 195 patients. Arch Intern Med 1992;152:1225-1229. 46. Shemesh O, Golbetz H, Kriss JP, et al. Limitations of creati n i n e a s a f i l t r a t i o n m a r k e r i n glomerulopathic patients. Kidney Int 1985;28:830-838. 4 7 . L e v e y A S , B o s c h J P , L e w i s J B , e t a l . A m o r e a c c u r a t e m e t h o d to estimate glomerular filtration rate from serum creatinine: a new prediction equatio n. Modification of Diet in Renal Disease Study Group. Ann Intern Med 1999;130:461-470. 48. Poggio ED, Wang X, Greene T, et']",1.0,0.7992381850699298,0.9999999999,1.0
2형당뇨병은 뭐에요?,"2형당뇨병은 인슐린저항성과 인슐린의 분비량 부족으로 발생하는 질환입니다. 이 두 가지 병인은 모든 당뇨병 환자에게 반드시 존재하며, 인슐린저항성이 더 우세한 경우와 인슐린 분비결핍이 더 우세한 경우로 나눌 수 있습니다. 치료를 위해서는 두 가지 요소를 함께 고려하여 장기적인 혈당 관리가 필요합니다.",2형당뇨병은 인슐린 분비 및 작용의 결함에 의해 발생한 당뇨병입니다.,"['1형당뇨병은 전 연령에 걸쳐 발생하며 우리나라에서도 최근 발생률이 \n증가하는 추세다.\n\x12\nb) 2형당뇨병은 인슐린저항성(인슐린의 작용 감소)과 인슐린의 분비량 부족으로 초래되는 질환이다. 이 두 가지 \n병인은 모든 당뇨병 환자들에게서 반드시 존재한다. 하지만 인슐린저항성이 좀 더 우세한 경우(예를 들면 \n비만증 동반)와 인슐린 분비결핍(예를 들면 저체중인 경우)이 더 우세한 경우로 나누어지기도 한다. \x12 복잡한 \n병인을 고려하면 모든 환자들에게서 인슐린저항성과 인슐린분비능을 같이 고려하면서 치료해야 장기적인 혈당\n관리가 가능하다.', '① 2형당뇨병의 가족력이 있을 경우\n  ② 인슐린저항성의 증상 또는 징후가 있을 경우(흑색가시세포증, 고혈압, \n이상지질혈증, 다낭난소증후군, 저출생체중아)\n  ③ 어머니가 본인 임신 시 당뇨병 또는 임신당뇨병에 이환되었던 경우\nⅡb D\n3. 소아청소년기 당뇨병 ②\n∙ 2형당뇨병으로 진단된 소아청소년에서는 진단 당시에 의학영양요법, 운동\n요법 등을 포함한 생활습관교정, 교육 및 약물치료를 모두 권고한다.\nⅠA\n∙ 처음 2형당뇨병을 진단받고 당화혈색소가 8.5%이면서 대사적으로 안정적인\n소아청소년에게는 메트포민을 일차치료제로 권고한다.\nⅠA']","['1. 당뇨병 분류\n분류 내용\n1형당뇨병B\n\r\x12\r\x13\n∙ 췌장 베타세포 파괴에 의한 인슐린 결핍으로 발생한 당뇨병\n① 면역 매개성\n② 특발성\n2형당뇨병C\n\r\x12\r\x13 ∙ 인슐린 분비 및 작용의 결함에 의해 발생한 당뇨병\n기타 당뇨병 D\n\r\x12\r\x13\n① 베타세포기능의 유전적 결함: MODY1-6, 미토콘드리아 DNA, 일부 췌도\n조절자/단백질 등\n② 인슐린 작용의 유전적 결함\n③ 췌장 외분비기능장애\n④ 내분비질환: 말단비대증, 쿠싱증후군, 글루카곤증, 갈색세포종, 갑상선기능항진증,\n소마토스타틴종, 알도스테론종 등\n⑤ 간질환\n⑥ 약물 유발: 당류코르티코이드, 니코틴산, 다이아족사이드, 베타-아드레날린 \n작용제, 티아지드, 에피네프린, 항정신병약(비정상적, 기타) 등\n⑦ 감염\n⑧ 드문 형태의 면역 매개 당뇨병\n⑨ 당뇨병과 동반될 수 있는 기타 유전적 증후군\n']",0.8,0.7257107467474206,0.9999999999,1.0
"International Association of Diabetes and Pregnancy Study Groups(IADPSG)의 보고서에 따르면 임신당뇨병의 정의는 어떻게 변화하였으며, 이와 관련된 합병증은 무엇인가요?","IADPSG의 보고서에 따르면, 임신당뇨병의 정의는 모든 임산부를 대상으로 1단계 접근법을 시행하는 것으로 통일되었습니다. 이전에는 1단계 접근법과 2단계 접근법이 혼용되어 사용되었으며, 선별검사는 고위험군을 대상으로 하는 선택적 선별검사와 모든 임신부를 대상으로 하는 일반적 선별검사로 나뉘어 있었습니다. 

합병증으로는 주산기 합병증 및 산과 합병증이 있으며, 철저한 혈당 조절이 이러한 합병증을 감소시킬 수 있습니다. 또한, 거대아 출생의 위험도 감소하는 것으로 알려져 있습니다.","2010년 International Association of Diabetes and Pregnancy Study Groups (IADPSG) Consensus Panel 보고서에서는 첫 산전 방문 시에 발견되는 당뇨병은 임신당뇨병이 아닌 기왕의 당뇨병으로 규정하였습니다. 임신당뇨병은 임신과 관련된 합병증으로 3-14%에서 발생하며, 임신 중에 발생하는 가장 흔한 내과적 합병증 중 하나입니다. 이로 인해 임신고혈압, 분만 시 손상, 난산, 임산부의 당뇨병 발생과 관련된 문제들이 발생할 수 있으며, 거대아, 신생아 저혈당, 신생아 골절 및 신경손상 등 주산기 합병증을 유발할 수 있습니다.","['Ⅰ. 당뇨병 총론\n23\nc) 기존의 임신당뇨병의 진단은 1단계 접근법과 2단계 접근법이 혼용되어 사용되어 왔으며 선별검사의 고위험군만을 \n선택하는 선택적 선별검사(selective screening)와 모든 임신부에서 시행하는 일반적 선별검사(univ ersal \nscreening)로 양분되어 있었다. \x14 그런데 2010 IADPSG 보고서는 모든 임산부를 대상으로 1단계 접근법 \n시행으로 통일시켰다. 하지만 IADPSG에서 제시하고 있는 기준에 대한 국내 연구 자료가 아직까지 없으므로 \n추후 검증될 때까지는 기존의 1단계 접근법과 2단계 접근법(100 g 경구당부하검사를 시행하여 공복, 1시간, \n2시간, 3시간의 기준치 95 mg/dL, 180 mg/dL, 155 mg/dL, 140 mg/dL 중에서 둘 이 상을 만족하는 \n경우)을 이용할 수도 있겠다.\n\x15\n 참 고 문 헌\n1. Metzger BE, Buchanan TA, Coustan DR, et al. Summary and recom mendations of the \nFifth International Workshop-Conference on Gestational Diabetes  Mellitus. Diabetes Care \n2007;30(2):S251-S60.\n2. International Association of Diabetes and Pregnancy Study Gro ups Consensus Panel. \nInternational Association of Diabetes and Pregnancy Study Group s recommendations on \nthe diagnosis and classification of hyperglycemia in pregnancy.  Diabetes Care 2010;33: \n676-682.\n3. The HAPO Study Cooperative Research Group. Hyperglycemia and adverse pregnancy \noutcomes. N Engl J Med 2008;358:1991-2002.\n4. 장학철, 조영민, 박경수, 등. 새로운 진단기준에 따른 한국인 임신성 당뇨병 임신부의 임신 결과. 당뇨병 \n2004;28:122-130.', '142\n5 .  당 뇨 병 과  임 신  \n권고 적용군 임신당뇨병 환자, \n당뇨병 환자가 임신한 경우 진료환경 진료실\n중재/실행지표 임신기간 중 목표혈당 조절을 위한 검사와 치료 시행\n비교지표 임신기간 중 목표혈당 조절을 위한 검사와 치료 미시행\n결과물 태아 및 임산부 합병증 예방\n권고 내용 권고등급 근거수준 권고도출\n자료원\n∙ 임신당뇨병 환자 또는 당뇨병 환자가 임신한 경우 생활습관교정\n(영양요법 및 운동요법)을 권고한다. B\n\x01\nⅠA 16, \n17, 18\n∙ 임신당뇨병 환자 또는 당뇨병 환자가 임신한 경우 자기혈당측정을 \n실천할 것을 권고하며, 공복 또는 식전 혈당보다는 식후 혈당측정 \n및 조절에 비중을 두어야 한다. C\nⅠA 2 ,  2 1 ,  2 6\n∙ 임신당뇨병 환자 또는 당뇨병 환자가 임신한 경우, 혈당조절 목표는\n다음과 같이 권고한다. D\n  ① 식전 혈당 ≤ 95 mg/dL, \n  ② 식후 1시간 혈당 ≤ 140 mg/dL, \n  ③ 식후 2시간 혈당 ≤ 120 mg/dL \nⅠA 2, 19, \n22, 23\n∙ 임신당뇨병 환자 또는 당뇨병 환자가 임신한 경우 목표혈당을 \n적극적으로 관리하고, 만약 목표혈당에 도달하기 어려운 경우에는 \n인슐린 치료를 권고한다. E\nⅠA 2, 20, \n24, 25\n이익 및 불이익 †\n∙ 이  익\n - 주산기 합병증 및 산과 합병증 감소\n - 임산부의 위험성 감소\n - 거대아 출생의 위험 감소\n∙ 불이익 \n - (약물치료 시) 부작용 가능성\n∙ 임신 중 철저한 혈당조절은 주산기 합병증 및 산과 합병증을 감소시킬 수 있다. 또한 거대아 출생의 \n위험도 감소되므로, 철저한 혈당조절이 권고된다. 생활습관 관리는 임신당뇨병 관리의 기본이다. 의학영양\n요법과 운동요법으로 목표혈당에 도달하기 어려운 경우에는 인슐린 치료를 즉시 시작하는 것이 필요하다.']","['근거 설명\na) 임신당뇨병은 임신 중에 처음 시작되었거나 발견되는 당불내성(carbohydrate intolerance)으로  정의되어 \n왔으나,\x12 2010년 International Association of Diabetes and Pregnancy Stud y Groups (IADPSG) \nConsensus Panel 보고서에서는 첫 산전 방문 시에 발견되는 당뇨병은 임신당뇨병이 아닌 기왕의 당뇨병으로 \n규정하였다.\x12 임신당뇨병은 임신과 관련된 합병증으로 3-14%에서 발생하며, 임신 중에 발생하는 가장 흔한 \n내과적 합병증의 하나이다. 임신당뇨병은 임신고혈압, 분만 시 손상, 난산, 임산부의 당뇨병 발생과 관련이 있고 \n거대아, 신생아 저혈당, 신생아 골절 및 신경손상 등 주산기 합병증 등을 유발하며 장기적으로는 자녀의 비만과 \n당뇨병의 위험을 증가시킨다고 알려져 왔다. 임신당뇨병을 진단하고 치료함으로써 위와 같은 주산기 합병증을 \n감소시킬 수 있는가에 대한 자료가 많지 않지만, 최근의 무작위 임상시험에서 임신당뇨병을 치료함으로써 \n주산기 이환율이 감소된다는 것이 증명되었다. 그러나 아직까지도 임신당뇨병의 선별검사와 진단기준에 대하여 \n논란이 계속되고 있다. \nb) 임신당뇨병의 선별검사로는 임신 24-28주에 2시간 75 g 경구포도당부하검사가 추천된다. 임신당뇨병의 \n진단은 공복혈장포도당 92 mg/dL 이상, 포도당부하 후 1시간 혈장포도당 180 mg/dL 이상, 포도당부하 후 \n2시간 혈장포도당 153 mg/dL 이상 중 하나만 만족하면 된다.\n\x13 이는 HAPO 연구 결과, 임산부의 높은 혈당치와 \n합병증 발생의 위험도가 특정한 한계치 없이 연속적인 상관관계에 있음이 반영된 것이다. 새로운 진단 기준은 \n신생아 체중 ＞ 90th percentile, 제대혈 C-peptide ＞ 90th percentile, 체지방률 ＞ 90th percentile의 \n위험도를 평균 혈당군에 비해 1.75배 증가시키는 수치로 결정되었다.\x13 ']",0.6666666666666666,0.7209955321155735,0.99999999995,1.0
대사증후군 진단기준과 의학영양요법 교육의 중요성은 무엇인가요?,"대사증후군 진단기준은 복부비만, 고중성지방혈증, 낮은 HDL 콜레스테롤, 고혈압, 고혈당 등 다섯 가지 항목 중 세 가지 이상에 해당할 때 진단하는 것을 권장합니다. 이러한 기준을 통해 대사증후군을 조기에 발견하고 관리할 수 있으며, 이는 심뇌혈관질환의 예방에 중요한 역할을 합니다.

의학영양요법 교육은 당뇨병 환자에게 필수적입니다. 적절한 영양 관리와 생활습관 개선을 통해 혈당 조절을 도와주고, 대사증후군의 위험을 줄이는 데 기여합니다. 이를 통해 환자의 전반적인 건강을 증진시키고, 합병증 발생을 예방하는 데 중요한 역할을 합니다.","대사증후군 진단기준은 2형당뇨병 환자의 첫 방문 시 신체계측과 혈액검사로 평가할 것을 권장하며, 복부비만, 고중성지방혈증, 낮은 HDL 콜레스테롤, 고혈압, 고혈당 중 3개 이상에 해당할 때 대사증후군으로 진단할 것을 고려해야 합니다. 또한, 모든 환자에게 의학영양요법 교육을 시행하는 것이 좋으며, 이는 대사증후군 관리에 중요한 역할을 합니다.","['24\n4. 대사증후군 진단기준\n권고 적용군 2형당뇨병 환자 진료환경 진료실\n중재/실행지표 대사증후군 평가 시행\n비교지표 대사증후군 평가 미시행\n결과물 심뇌혈관질환 예방\n권고 내용 권고등급 근거수준 권고도출 \n자료원\n∙ 2형당뇨병 환자의 첫 방문 시에 신체계측과 혈액검사로 대사\n증후군 평가를 고려한다.\nⅡa B 17-19\n∙ 아래 기준 중 3개 이상에 해당될 때 대사증후군으로 진단할 것을 \n고려한다.\n  ① 복부비만(허리둘레 남자 ≥ 90 cm, \n     여 자  ≥  8 5 c m )B\n  ② 고중성지방혈증(중성지방 ≥ 150 mg/dL 또는 \n     이상지질혈증약 복용)\n  ③ 낮은 HDL 콜레스테롤(남자 ＜ 40 mg/dL, \n여자 ＜ 50 mg/dL 또는 이상지질혈증약 복용)\n  ④ 고혈압(혈압 ≥ 130/85 mmHg 또는 고혈압약 복용)\n  ⑤ 고혈당(공복혈장포도당 ≥ 100 mg/dL 또는 당뇨병약 복용)\nⅡa A 20-24\n이익 및 불이익 †\n∙ 이  익\n  - 여러 대사질환과 심혈관질환 발생 예측\n  - 심혈관질환 이환율, 사망률 감소\n∙ 불이익\n  -  없 음\n∙ 대사증후군이 있는 2형당뇨병 환자는 심뇌혈관질환의 이환율 및 사망률이 급격히 증가하기 때문에 좀 더 \n적극적인 진단과 관리가 필요하다.\n† 다학제 임상진료지침 개발위원회에서는 이익과 불이익 연계 근거를 검토하고 전문가 의견을 취합하여 논의한 결과, \n권고 관련 얻을 수 있는 이익이 크고 발생 가능한 불이익이 거의 없을 것으로 판단함.', '부록 3\n241\n권고 내용 권고등급 근거수준\n∙ 아래 기준 중 3개 이상에 해당될 때 대사증후군으로 진단할 것을 고려한다.\n  ① 복부비만(허리둘레 남자 ≥ 90 cm, 여자 ≥ 85cm)\n  ② 고중성지방혈증(중성지방 ≥ 150 mg/dL 또는 이상지질혈증약 복용)\n  ③ 낮은 HDL 콜레스테롤(남자 ＜ 40 mg/dL, \n여자 ＜ 50 mg/dL 또는 이상지질혈증약 복용)\n  ④ 고혈압(혈압 ≥ 130/85 mmHg 또는 고혈압약 복용)\n  ⑤ 고혈당(공복혈장포도당 ≥ 100 mg/dL 또는 당뇨병약 복용)\nⅡa A\n5. 당뇨병 선별검사\n∙ 당뇨병 선별검사로 공복혈장포도당 측정, 경구포도당부하검사 혹은 당화\n혈색소 측정을 권고한다.\nⅠA\n∙ 공복혈장포도당 수치가 100-125 mg/dL 또는 당화혈색소 수치가 \n5.7-6.4%인 경우 6-12개월 마다 공복혈장포도당 또는 당화혈색소 검사를\n고려한다.\nⅡa Guideline\n∙ 혈당 측정은 정맥 전혈을 채취하여 분리한 혈장을 이용하는 것을 원칙으로 \n한다. 부득이하게 혈청을 이용할 경우 채혈 30분 이내에 분리할 것을 고려한다.\nⅡa Guideline\n6. 당뇨병 예방\n∙ 당뇨병 발생 위험이 높은 군(내당능장애, 공복혈당장애, 당화혈색소 \n5.7-6.4%인 경우)에서 당뇨병 발생을 감소시키기 위하여 생활습관의 개선\n(식사조절과 운동)을 적극적으로 조언할 것을 권고한다.\nⅠA\n∙ 비만한 고위험군에서 생활습관교정으로 체중을 감량하고자 할 때 최초 \n체중의 5-10% 감소를 목표로 할 것을 권고한다.\nⅠA\nⅡ. 당뇨병 관리\n1. 혈당조절 목표\n∙ 2형당뇨병 성인에게서 일반적인 혈당조절 목표는 당화혈색소 6.5% 미만\n으로 할 것을 권고한다.\nⅠA\n∙ 혈당조절 목표는 환자의 나이, 신체/정신/사회적 여건, 기대수명, 동반질환 \n또는 합병증의 중증도, 저혈당 위험, 선호도 등에 따라 개별화할 것을 고려한다.\nⅡa Guideline\n2.']","['<1-hop>\n\n24\n4.  대사증후군 진단기준\n 권고 적용군 2형당뇨병 환자 진료환경 진료실\n 중재/실행지표 대사증후군 평가 시행\n비교지표 대사증후군 평가 미시행\n 결과물 심뇌혈관질환 예방\n권고 내용 권고등급 근거수준 권고도출 \n자료원\n∙ 2형당뇨병 환자의 첫 방문 시에 신체계측과 혈액검사로 대사\n증후군 평가를 고려한다.\nⅡa B 17-19\n∙ 아래 기준 중 3개 이상에 해당될 때 대사증후군으로 진단할 것을 \n고려한다.\n  ① 복부비만(허리둘레 남자 ≥ 90 cm, \n     여 자  ≥  8 5 c m )B\n  ② 고중성지방혈증(중성지방 ≥ 150 mg/dL 또는 \n     이상지질혈증약 복용)\n  ③ 낮은 HDL 콜레스테롤(남자 ＜ 40 mg/dL, \n여자 ＜ 50 mg/dL 또는 이상지질혈증약 복용)\n  ④ 고혈압(혈압 ≥ 130/85 mmHg 또는 고혈압약 복용)\n  ⑤ 고혈당(공복혈장포도당 ≥ 100 mg/dL 또는 당뇨병약 복용)\nⅡa A 20-24\n', '<2-hop>\n\n46\n 진료 시 고려할 점\n∙ 모든 환자에게 의학영양요법 교육을 시행하는 것이 좋다.\n∙ 항산화제나 ω-3 지방산의 일상적인 보충은 권고하지 않는다.\n  보고는 없으므로 권장하지는 않는다.\x12 그러나 결핍 상태에 있거나 제한적 식사섭취를 하고 있는 경우에는 보충을 고려할 수 있다. 비타민 E나 C와 같은 항산화제, EPA (eicosapentaenoic acid)나 DHA (doco sa hexaenoic acid)와 같은 오메가 3(ω-3) 지방산 보충 역시 임상적 증거가 없으므로 권고하지 않는다. \x12\x01 참 고 문 헌\n1 .E v e r t  A B ,  B o u c h e r  J L ,  C y p r e s s  M ,  e t  a l .  N u t r i t i o n  t h e r a p y  r e commendations for the \nmanagement of adults with dia betes. Diabetes Care 2014;37(1):S1 20-S143.\n2. 대한당뇨병학회. 당뇨 병교육지침서 제4판. 2019.\n3. 대한당뇨병학회. 2021 당뇨병 진료지침. 2021. \n4. Kim MY, Kim SS, Kim JS, et al. Relationship between alcohol c onsumption and metabolic \nsyndrome according to facial flushing in korean males. Korean J  Fam Med. 2012; \n33(4):211-218.', '<3-hop>\n\n근거 설명\na) 지방간질환은 진단방법, 연령, 성별 및 인종에 따라 차이가 있지만 메티분석에 의하면 전 세계적으로 성인의 \n25.2%에 영향을 미치는 가장 흔한 간질환이며, 한국인 일반성인의 지방간질환의 유병률은 16.1%에서 \n25.2%까지 다양하다.\x15\x01지방간질환은 비만, 당뇨병, 이상지질혈증, 대사증후군 등과 밀접한 연관성을 보인다. \x19 \n당뇨병 환자에서 지방간질환의 유병률은 60-75%까지로 높게 보고되며, \x01대혈관 및 미세혈관 합병증의 위험 \n증가뿐 아니라 만성신장질환과 관련이 있다는 연구가 있다.\x15 2형당뇨병 환자에서 지방간질환에 대한 선별검사가 \n비용 효과적임을 보고한 연구가 있다.\x19\nb) 지방간질환에 대한 초기 혈액검사에 대한 합의는 이루어지지 않았다. 간 혈액검사의 범위 및 결과의 해석은 \n임상적 맥락에서 판단되어야 한다. ALT 수치는 지방간과 상관관계가 가장 좋은 단일 생화학적 수치이지만, ']",0.375,0.6499793865547777,0.99999999995,0.5
"인슐린저항성이 있는 소아청소년의 2형당뇨병 선별검사에 대한 권고 사항은 무엇이며, 임신당뇨병과의 관계는 어떻게 설명될 수 있는가?","인슐린저항성이 있는 소아청소년의 2형당뇨병 선별검사에 대한 권고 사항은, 인슐린저항성의 증상이나 징후가 있는 경우에 선별검사를 고려해야 한다는 것입니다. 이러한 증상에는 흑색가시세포증, 고혈압, 이상지질혈증, 다낭난소증후군, 저출생체중아 등이 포함됩니다. 

임신당뇨병과의 관계는, 어머니가 임신 중 당뇨병이나 임신당뇨병에 이환된 경우, 자녀가 2형당뇨병에 걸릴 위험이 증가할 수 있다는 점에서 설명될 수 있습니다. 이러한 가족력은 소아청소년의 당뇨병 선별검사에 중요한 요소로 작용합니다.","인슐린저항성이 있는 소아청소년의 경우, 10세 이상이거나 사춘기로 판단되는 연령에서 과체중(체질량지수 85 백분위수 이상)일 때, 2형당뇨병 선별검사로 공복혈장포도당 검사를 고려할 수 있다. 이때 두 가지 이상의 조건을 만족해야 하며, 그 조건에는 2형당뇨병의 가족력, 인슐린저항성의 증상 또는 징후(흑색가시세포증, 고혈압, 이상지질혈증, 다낭난소증후군, 저출생체중아), 그리고 어머니가 임신 중 당뇨병 또는 임신당뇨병에 이환된 경우가 포함된다. 임신당뇨병은 인슐린저항성과 관련이 있으며, 2형당뇨병의 발병에 영향을 미칠 수 있는 중요한 요소로 작용할 수 있다.","['① 2형당뇨병의 가족력이 있을 경우\n  ② 인슐린저항성의 증상 또는 징후가 있을 경우(흑색가시세포증, 고혈압, \n이상지질혈증, 다낭난소증후군, 저출생체중아)\n  ③ 어머니가 본인 임신 시 당뇨병 또는 임신당뇨병에 이환되었던 경우\nⅡb D\n3. 소아청소년기 당뇨병 ②\n∙ 2형당뇨병으로 진단된 소아청소년에서는 진단 당시에 의학영양요법, 운동\n요법 등을 포함한 생활습관교정, 교육 및 약물치료를 모두 권고한다.\nⅠA\n∙ 처음 2형당뇨병을 진단받고 당화혈색소가 8.5%이면서 대사적으로 안정적인\n소아청소년에게는 메트포민을 일차치료제로 권고한다.\nⅠA', '137\nⅣ. 당뇨병과 특수상황\n3. 소아청소년기 당뇨병 ②\n권고 적용군 2형당뇨병 진단된 소아청소년 진료환경 진료실\n중재/실행지표 메트포민 투여, 인슐린 투여\n비교지표 생활습관교정\n결과물 혈당조절 개선\n권고 내용 권고등급 근거수준 권고도출\n자료원\n∙ 2형당뇨병으로 진단된 소아청소년에서는 진단 당시에 의학영양\n요법, 운동요법 등을 포함한 생활습관교정, 교육 및 약물치료를 모두 권고\n한다.\nB\n\x01\nⅠA 4, 8, \n11, 12\n∙ 처음 2형당뇨병을 진단받고 당화혈색소가 8.5%이면서 대사적으로 \n안정적인 소아청소년에게는 메트포민을 일차치료제로 권고한다. C\nⅠA 4, 8, \n11, 12\n∙ 처음 2형당뇨병을 진단받았으며, 케톤증 또는 산증은 동반하지 \n않았으나 혈당 250 mg/dL 또는 당화혈색소 8.5% 이상인 소아\n청소년에게는 기저인슐린과 메트포민의 병용요법을 일차로 고려\n한다.\nb) \nⅡa B 4, 8, \n11, 12\n∙ 혈당 600 mg/dL 이상의 심각한 고혈당이나 대사 이상이 동반\n되었을 때에는 피하 또는 정맥 인슐린 투여를 포함한 당뇨병케토산증\n또는 고혈당고삼투질상태에 준한 치료를 권고한다.\nD\n\x01\nⅠA 4, 8, \n11, 12\n이익 및 불이익 †\n∙ 이  익\n - 혈당 개선, 당뇨병합병증 예방\n∙ 불이익\n - (약물치료 시) 부작용 가능성\n∙ 모든 새롭게 진단된 소아청소년 당뇨병 환자에서는 생활습관조절, 당뇨병 자가 조절 교육 및 약물치료를 \n모두 고려해야 한다. 현재 우리나라에서는 메트포민과 인슐린을 치료제로 고려할 수 있다. \x12\n† 다학제 임상진료지침 개발위원회에서는 이익과 불이익 연계 근거를 검토하고 전문가 의견을 취합하여 논의한 \n결과, 권고 관련 얻을 수 있는 이익이 발생 가능한 불이익보다 매우 클 것으로 판단함.']","['<1-hop>\n\n권고 내용 권고등급 근거수준 권고도출\n자료원\n∙ 모든 소아청소년 진료에 건강한 식습관, 규칙적인 신체활동, 적정 \n체중 유지에 관한 지도를 고려한다.\nⅡa Guideline 3, 4\n∙ 비만한 소아청소년에게 건강한 체중을 유지하기 위해 의학영양\n요법과 운동요법, 가족상담 및 가족중심 행동치료를 포함한 적극적인\n생활습관교정을 고려한다. B\n\x01\nⅡa A 2, 4, 6\n7, 8\n∙ 과체중(연령 성별 체질량지수 85 백분위수 이상)인 소아청소년에서 \n10세 이상 또는 더 적은 연령이더라도 사춘기로 판단되면 다음 \n조건에 2가지 이상 만족될 경우, 3년에 한 번씩 2형당뇨병 선별\n검사로 공복혈장포도당 검사를 고려할 수 있다.\nC\n  ① 2형당뇨병의 가족력이 있을 경우\n  ② 인슐린저항성의 증상 또는 징후가 있을 경우(흑색가시세포증, \n고혈압, 이상지질혈증, 다낭난소증후군, 저출생체중아)\n  ③ 어머니가 본인 임신 시 당뇨병 또는 임신당뇨병에 이환되었던 경우\nⅡb D 2, 3, 4, \n9, 10\n', '<2-hop>\n\n임신당뇨병\nE\n\r\x12\r\x13\n(임신 중 진단된 당뇨병) -\n 근거 설명\na) 1형당뇨병은 인슐린을 분비하는 췌장의 베타세포가 서서히 파괴되어 결국 인슐린 분비가 없어지는 질환이다. \n자가면역질환의 한 형태로 나타날 수 있으며 이 경우 대부분 자가항체(anti-GAD 항체)가 양성으로 나타난다. \n하지만 자가면역성을 증명할 수 없는 특발성의 경우 일반적으로 인슐린 결핍이 비교적 서서히 진행되어 초기에는 \n2형당뇨병과 구분이 어려울 수 있다. 1형당뇨병은 전 연령에 걸쳐 발생하며 우리나라에서도 최근 발생률이 \n증가하는 추세다.\n\x12\nb) 2형당뇨병은 인슐린저항성(인슐린의 작용 감소)과 인슐린의 분비량 부족으로 초래되는 질환이다. 이 두 가지 \n병인은 모든 당뇨병 환자들에게서 반드시 존재한다. 하지만 인슐린저항성이 좀 더 우세한 경우(예를 들면 \n비만증 동반)와 인슐린 분비결핍(예를 들면 저체중인 경우)이 더 우세한 경우로 나누어지기도 한다. \x12 복잡한 \n병인을 고려하면 모든 환자들에게서 인슐린저항성과 인슐린분비능을 같이 고려하면서 치료해야 장기적인 혈당\n관리가 가능하다. ']",1.0,0.7670036548509382,0.99999999995,1.0
BMJ에서 발표된 연구들 중에서 당뇨병 환자와 관련된 심혈관 질환의 위험을 평가한 연구는 어떤 것들이 있나요?,"당뇨병 환자와 관련된 심혈관 질환의 위험을 평가한 연구로는 UK Prospective Diabetes Study (UKPDS)와 관련된 연구들이 있습니다. 이 연구에서는 LDL 콜레스테롤이 2형 당뇨병 환자에서 관상동맥질환 발생의 가장 강력한 예측변수로 분석되었으며, LDL 콜레스테롤 수치의 증가가 관상동맥질환 발생 위험을 높인다는 결과가 도출되었습니다.","BMJ에서 발표된 연구들 중에서 당뇨병 환자와 관련된 심혈관 질환의 위험을 평가한 연구로는 'Association of glycaemia with macrovascular and microvascular complications of type 2 diabetes (UKPDS 35)'가 있습니다. 이 연구는 당뇨병 환자의 혈당 수치와 심혈관 질환의 연관성을 조사하였으며, 2000년에 발표되었습니다. 또한, 'Association of HbA1c levels with vascular complications and death in patients with type 2 diabetes: evidence of glycaemic thresholds'라는 연구도 있으며, 이는 2012년에 발표되어 HbA1c 수치와 심혈관 합병증 및 사망률 간의 관계를 다루고 있습니다.","['69\nⅡ. 당뇨병 관리\nEpaNova in HiGh CV Risk PatienTs With Hypertriglyceridemia (STR ENGTH) 연구에서는 스타틴과 \n하루 4 g의 오메가-3 병용치료가 심혈관질환 예방에 효과를 보이지 않았다. \x12\x18\r\x12\x19\nh) 심혈관질환은 당뇨병 환자의 대표적 사망원인으로 당뇨병 환자에서 동반된 심혈관질환 위험요소의 평가를 위한 \n혈청지질검사는 국내외 진료지침에서 당뇨병 진단 시와 매년 1회 이상의 실시를 권고하고 있고, 이상지질혈증의 \n약제 치료 시작 전 및 치료 4-12주 후에 추적검사에 대하여 공통으로 권고하고 있다.\n 참 고 문 헌\n1. Haffner SM, Lehto S, Ronnemaa T, et al. Mortality from corona ry heart disease in \nsubjects with type 2 diabetes and in nondiabetic subjects with and without prior \nmyocardial infarction. N Engl J Med 1998;339:229-234.\n2. Stevens RJ, Kothari V, Adler AI, et al. The UKPDS risk engine : a model for the risk of \ncoronary heart disease in Type II diabetes (UKPDS 56). Clin Sci  (Lond) 2001;101:671-679. \n3. Kearney PM, Blackwell L, Collins R, et al. Cholesterol Treatm ent Trialists’ (CTT) \nCollaborators. Efficacy of cholesterol lowering therapy in 18,6 86 people with diabetes in \n14 randomised trials of statins: a meta-analysis. Lancet 2008;3 71:117–125.\n4. Sattar N, Preiss D, Murray HM, et al. Statins and risk of inc ident diabetes: a collaborative \nmeta-analysis of randomised statin trials. Lancet 2010;375:735 –742.\n5 . G i n s b e r g  H N ,  E l a m  M B ,  L o v a t o  L C ,  e t  a l .  A C C O R D  S t u d y  G r o u p .  Effects of combination \nlipid therapy in type 2 diabetes  mellitus. N Engl J Med 2010;36 2:1563–1574. \n6. Colhoun HM, Betteridge DJ, Durrington PN, et al. Primary prev ention of cardiovascular \ndisease with atorvastatin in type 2 diabetes in the Collaborati ve Atorvastatin Diabetes \nStudy (CARDS): multicentre randomised placebo-controlled trial.  Lancet 2004;364:685-696.\n7. Shepherd J, Barter P, Carmena R, et al. Effect of lowering LD L cholesterol substantially \nbelow currently recommended levels in patients with coronary he art disease and diabetes: \nthe Treating to New Targets (TNT) study. Diabetes Care 2006;29: 1220-1226.\n8. Ahmed S, Cannon CP, Murphy SA, et al. Acute coronary syndrome s and diabetes: Is \nintensive lipid lowering beneficial? Results of the PROVE IT-TI MI 22 trial. Eur Heart J \n2006;27:2323-2329.\n9. Waters DD, Ho JE, Boekholdt SM, et al. Cardiovascular event r eduction versus new-onset \ndiabetes during atorvastatin therapy: effect of baseline risk f actors for diabetes. J Am Coll \nCardiol 2013;61:148-152. \n10. 대한당뇨병학회.', '67\nⅡ. 당뇨병 관리\n이익 및 불이익\n∙ 이  익\n  - 심혈관질환 발생 감소\n∙ 불이익\n  - (약물치료 시) 부작용 가능성\n∙ 당뇨병은 심혈관질환 사망을 2-4배 높이므로, 당뇨병 환자에게서 이상지질혈증은 적극적으로 치료해야 \n한다. UK Prospective Diabetes Study (UKPDS)에서 LDL 콜레스테롤이 2형당뇨병 환자 에서 관상\n동맥질환 발생의 가장 강력한 예측변수로 분석되었고, LDL 콜레스테롤이 39 mg/dL 증가할 때마다 \n관상동맥질환의 발생위험도는 약 60% 증가하는 것으로 나타나서 2형당뇨병 환자는 심혈관질환 위험도 \n평가를 위해 혈중 지질검사(총콜레스테롤, HDL 콜레스테롤, 중성지방, LDL 콜레스테롤)를 시행을 고려\n한다. 심혈관질환 위험도 평가를 하지 못하면 심혈관질환 발생 위해가 더 크다.\nõ\r\x12\r\x13 \n† 다학제 임상진료지침 개발위원회에서는 이익과 불이익 연계 근거를 검토하고 전문가 의견을 취합하여 논의한 \n결과, 권고 관련 얻을 수 있는 이익이 크고 발생 가능한 불이익이 거의 없을 것으로 판단함.\n1) 당뇨병 환자에서 심뇌혈관질환의 유무에 따른 LDL 콜레스테롤의 조절목표는 스타틴 약물 투여한 \n일차 및 이차 심혈관질환 예방에 대한 무작위대조연구들과 그 연구들의 메타연구 및 체계적 문헌\n고찰의 근거를 통해 이득이 입증되었고, 중성지방과 HDL 콜레스테롤의 조절목표에 대한 무작위대조\n연구는 없으나 비무작위 연구에서 일반적인 목표를 권고하고 있다. 지질목표수치에 도달하지 못한 경우 \n약제에 의한 부작용으로 인한 위해보다 심혈관질환 예방 이득이 더 크다.\nõ\r\x14\x0e\x16 \n† 다학제 임상진료지침 개발위원회에서는 이익과 불이익 연계 근거를 검토하고 전문가 의견을 취합하여 논의한 \n결과, 권고 관련 얻을 수 있는 이익이 발생 가능한 불이익보다 매우 클 것으로 판단함.']","['<1-hop>\n\nⅡ. 당뇨병 관리\n14 randomised trials of statins: a meta-analysis. Lancet 2008;3 71:117–125.\n85. Nissen SE, Tuzcu EM, Schoenhagen P, et al. Effect of intensi ve compared with \nmoderate lipid-lowering therapy on progression of coronary athe rosclerosis: a randomized \ncontrolled trial. JAMA 2004;291:1071-1080. \n86. Shepherd J, Barter P, Carmena R, et al. Effect of lowering L DL cholesterol substantially \nbelow currently recommended levels in patients with coronary he art disease and \ndiabetes: the Treating to New Targets (TNT) study. Diabetes Car e 2006;29:1220-1226. \n87. Stevens RJ, Kothari V, Adler AI, et al. The UKPDS risk engin e: a model for the risk of \ncoronary heart disease in Type II diabetes (UKPDS 56). Clin Sci  (Lond) 2001;101: \n671-679.\n88. Cushman WC, Evans GW, Byington RP, et al. ACCORD Study Group . Effects of \nintensive blood-pressure control in type 2 diabetes mellitus. N  Engl J Med 2010;362: \n1575-1585. \n8 9 . A r n o l d  S V ,  B h a t t  D L ,  B a r s n e s s  G W ,  e t  a l .  C l i n i c a l  m a n a g e m e n t of stable coronary artery \ndisease in patients with type 2 diabetes mellitus: a scientific  s t a t e m e n t  f r o m  t h e  \nAmerican Heart Asso ciation. Circulation 2020;141:e779-e806. \n90. Bakris GL, Gaxiola E, Messerli FH, et al. INVEST Investigato rs. Clinical outcomes in the \ndiabetes cohort of the INternational VErapamil SR-Trandolapril study. Hypertension \n2004;44:637-642.\n91. Bakris GL, Weir MR, Study of H, et al. Achieving goal blood pressure in patients with \ntype 2 diabetes: conventional versus fixed-dose combination app roaches. J Clin \nHypertens (Greenwich) 2003;5:202-209. \n92. Bangalore S, Fakheri R, Toklu B, et al. Diabetes mellitus as  a compelling indication for \nuse of renin angiotensin system blockers: systematic review and  meta-analysis of \nrandomized trials. BMJ 2016;352:i438. \n93. Berl T, Hunsicker LG, Lewis JB, et al. Cardiovascular outcom es in the Irbesartan Diabetic \nNephropathy Trial of patients with type 2 diabetes and overt ne phropathy. Ann Intern \nMed 2003;138:542-549. \n94. Buckley LF, Dixon DL, Wohlford GF, et al. Intensive versus s tandard blood pressure \ncontrol in SPRINT-eligible participants of ACCORD-BP. Diabetes Care 2017;40:1733-1738.\n95. Cook NR, Cutler JA, Obarzanek E, et al. Long term effects of  dietary sodium reduction \non cardiovascular disease outcomes: observational follow-up of the trials of hypertension \nprevention (TOHP). BMJ 2007;334:885-888. \n96. Heart Outcomes Prevention Evaluation Study Investigators. Ef fects of ramipril on \ncardiovascular and microvascular outcomes in people with diabet es mellitus: results of \nthe HOPE study and MICRO-HOP E substudy. Lancet 2000;355:253-259 . \n97. Elmer PJ, Obarzanek E, Vollmer WM, et al. Effects of compreh ensive lifestyle \nmodification on diet, weight, physical fitness, and blood press ure control: 18-month \nresults of a randomized trial. Ann Intern Med 2006;144:485-495.  \n98. Feldman RD, Zou GY, Vandervoort MK, et al. A simplified appr oach to the treatment of ', '<2-hop>\n\n참 고 문 헌\n1 .S t r a t t o n  I M ,  A d l e r  A I ,  N e i l  H A, et al. Association of glycaem ia with macrovascular and \nmicrovascular complications of type 2 diabetes (UKPDS 35): pros pective observational \nstudy. BMJ 2000;321:405-412. \n2. Zoungas S, Chalmers J, Ninomiya T, et al. Association of HbA1 c levels with vascular \ncomplications and death in patients with type 2 diabetes: evide nce of glycaemic \nthresholds. Diabetologia 2012;55:636-643. \n3. Ohkubo Y, Kishikawa H, Araki E, et al. Intensive insulin ther apy prevents the progression \nof diabetic microvascular complications in Japanese patients wi th non-insulin-dependent \ndiabetes mellitus: a randomized prospective 6-year study. Diabe tes Res Clin Pract \n1995;28:103-117. \n4. UK Prospective Diabetes Study (UKPDS) Group. Intensive blood- glucose control with \nsulphonylureas or insulin compared with conventional treatment and risk of complications ']",1.0,0.6245847876560684,0.49999999995,0.0
진료지침 개발의 단계별 내용은 무엇인가요?,"진료지침 개발의 단계별 내용은 다음과 같습니다:

1. **계획단계**: 진료지침 개발 관련 위원회를 구성하고, 개발 계획 단계에서의 기획 및 합의를 진행합니다.

2. **준비단계**: 
   - 사용자(개원의) 의견 조사를 통해 일차 의료기관에서 사용이 적합한 가이드라인을 개발합니다.
   - 건강 관련 임상 질문 초안을 작성하고 질문을 확정합니다.
   - 국내 및 국외 진료지침을 체계적으로 검색하고, 1차 및 2차 스크리닝을 수행합니다.
   - 포함 기준을 만족하는 진료지침의 질을 평가합니다.
   - 근거의 최신성을 확보합니다.

3. **개발단계 I (권고안 개발단계)**: 
   - 권고 초안을 도출하고, 근거 합성 작업 및 최신 문헌 검토를 진행합니다.
   - 사용자 델파이 조사를 통해 권고안의 수용 정도를 반영하여 합의 및 확정을 합니다.
   - 권고 요약본을 집필하고 사용자 만족도 조사를 수행합니다.

4. **개발단계 II (진료지침 집필단계)**: 
   - 진료지침 완본 초안을 작성하고, 확정된 권고 요약본의 콘텐츠를 제시합니다.
   - 영역별 권고 및 진료 시 고려할 점에 대한 배경을 집필합니다.

5. **검토 및 지침 확정 단계**: 
   - 내외부 검토를 실시하고, 진료지침 감수위원회의 감수를 받습니다.
   - 진료지침 최종안을 확정합니다.

6. **인증 및 보급단계**: 
   - 의학회 및 관련 학회의 인증 및 출판을 진행합니다.
   - 보급 및 활용과 관련된 장애요인을 고려하고, 개발된 진료지침의 보급 및 실행을 모니터링합니다.","진료지침 개발의 단계별 개발 내용은 개정 방법(2021)에서 확인할 수 있으며, 표 14에 자세히 나와 있습니다.","['182\n\xa0\x01җ\u0a7f\t""EBQUBUJPO\x01 QSPDFTT\n\u0a44\x01\nࠗ·\u09b4ਸ\x01 ଵҊೞ\u09d3\u0a3a\t\u0cb4\x01 \x18\n\x0f\nղਊ\n단계 내용\n지침개발\n계획단계\n∙ 진료지침 개발 관련 위원회의 구성\n∙ 개발계획단계에서의 기획 및 합의  \n지침개발 \n준비단계\n∙ 건강관련 임상질문 초안의 작성 및 질문확정\n∙ 진료지침의 검색\n∙ 진료지침의 평가\n∙ 수용개작에 사용될 양질의 진료지침을 선정   \n지침개발단계 I\n(권고안 개발단계)\n∙ 권고안 초안의 작성   \n∙ 사용자 의견의 조사(활용도, 수용 가능성, 사용의 용이성 등) 및 권고안에 \n결과를 반영   \n∙ 권 고 안  채 택 을  위 한  합 의    \n지침개발단계 II\n(진료지침 집필단계)\n∙ 진료지침 초안의 작성 \n 1. 확정된 권고안의 요약(표) 제시\n 2. 개발 과정 및 방법에 대한 서술\n 3. 근거 혹은 배경(background)에 대한 서술\n 4 .  근 거 의  제 시\n 5. 요약 및 별첨자료의 제시  \n검 토  및  지 침  확 정 단 계\n∙ 내･외부 검토\n∙ 진료지침 감수위원회 감수 \n∙ 진료지침 최종안의 확정 \n인증 및 \n보급단계\n∙ 의학회 및 개발 관련학회의 인증 및 출판\n∙ 보급 및 활용과 관련된 장애요인의 고려 \n∙ 개발된 진료지침의 보급 및 실행의 모니터링', '부록 2\n205\n● \u0a3aҗ\x01 э\u0a3a\x0f\nղਊ1),2),3)\n단계 내용\n지침개발\n계획단계\n∙ 진료지침 개발 관련 위원회 구성\n∙ 개발계획단계에서의 기획 및 합의\n지침개발 \n준비단계\n∙ 일차 의료기관에서 사용이 적합한 가이드라인을 개발하기 위한 목적으로 사용자(개원의) \n의견조사 수행(대분류 및 소분류별 활용도, 필요도 수준의 평가) \n∙ 개 발  영 역 별  건 강  관 련  임 상  질 문  초 안  작 성  및  질 문  확 정\n∙ 국내 및 국외 진료지침의 체계적 검색(검색 D/B 선정, 검색 전략 개발), 1차 및 2차 스크리닝\n(포함 및 배제 기준 적용) 수행\n∙ 포함 기준을 만족하는 1차 선정된 진료지침의 질을 평가(AGREE II 도구 사용, 개발의 \n엄격성 평가)\n∙ 수용개발에 사용될 양질의 진료지침 선정\n∙ 근거의 최신성 확보(최근 3년 이내의 근거 검색 및 스크리닝, 자료원으로 추가할 문헌 선정, \n문헌의 질 평가)\n지침개발단계 I\n(권고 초안 도출 및 \n권고 요약본 \n집필단계)\n∙ 권고 초안 도출을 위한 근거 합성 작업 및 최신  문헌 검토(Recommendation Matrix \nwith supporting evidence)\n∙ 권고 초안의 도출(근거수준 표기, 권고등급 판정)\n∙ 권고안 채택을 위한 사용자 델파이 조사(9점 척도, 권고별 합의 정도에 대한 응답 시 권고의 \n수용 정도, 적용 가능 정도, 활용 정도를 감안함) 결과를 반영하여 권고안 합의, 확정\n∙ 권 고  요 약 본  집 필 ( 권 고 문 안 ,  진 료  시  고 려 할  점 ,  권 고  관 련  이 익  및  불 이 익 ,  진 료  의 뢰 )\n∙ 권고 요약본 초안에 대한 사용자 만족도 조사 수행, 의견 반영\n지침개발단계 II\n(진료지침 완본\n집필단계)\n∙ 진료지침 완본(Full version) 초안의 작성 \n  1. 확정된 권고 요약본의 콘텐츠 제시\n  2. 영역별 권고 및 진료 시 고려할 점에 대한 배경의 집필(benefit, harm, \nbenefit-harm balance 포함), 배경 집필 근거 제시\n  3.']",['개정 방법(2021)>\n표 14.  진료지침 개발의 단계별 개발 내용 · · ··········································· 2 0 5\n표 15.  일차 의료용 당뇨병 가이드라인 소분류 영역별 PICOH 요약 표 ··· 207\n표 16.  당뇨병 가이드라인 검색을 위한 Pubmed 검색 전략 · · · · · · · · · · · · · · ·210\n표 17.  약물치료 영역의 신규문헌 검색을 위한 Pubmed 검색 전략 · · · · · · · · · ·211\n표 18.  근거(진료지침) 선정 포함 기준 및 배제 기준 ···························· 2 1 2\n표 19.  당뇨병 전체 개정을 위한 영역별 신규 문헌 검색 ····················· 2 1 3\n표 20.  당뇨병 권고안 매트릭스 작성 예시 · · ··········································· 2 1 7\n표 21.  신규 추가 영역의 권고 초안 도출 방법 · · · · · · · · · · · · · · · · · · · · · · · · · · · · · · · · · · · · ·222\n표 22.  당뇨병 권고 초안에 대한 델파이 조사 결과 · · · ··························· 2 2 4\n표 23.  권고 사용의 장애요인에 대한 사용자 인지 수준 조사 결과 ····· 2 2 6\n표 24.  수용개발에 사용된 진료지침(Source Guideline) 목록 · · · · · · · · · · · · ·233\n표 25.  Source Guidelines 이외의 진료지침 목록 · ······························ 2 3 4'],1.0,0.8273179046351116,0.0,0.0
의학영양요법 교육이 당뇨병 환자에게 왜 중요한가요?,"의학영양요법 교육은 당뇨병 환자에게 필수적인 요소로, 당뇨병의 예방 및 관리에 중요한 역할을 합니다. 이 교육을 통해 환자는 개별화된 영양 계획을 수립하고, 탄수화물 계산법 등을 활용하여 인슐린 치료를 효과적으로 수행할 수 있습니다. 또한, 식사 조절을 통해 체중 감량과 혈당, 혈압, 지질 수치 개선 등의 여러 임상적 이득을 얻을 수 있습니다. 이러한 교육은 환자가 자기 관리를 할 수 있도록 도와주며, 전반적인 건강 상태를 향상시키는 데 기여합니다.","의학영양요법 교육은 당뇨병의 예방 및 관리, 그리고 자기관리교육의 필수적 요소로, 모든 환자에게 시행하는 것이 좋습니다. 이를 통해 환자는 개별화된 영양요법을 받고, 1형당뇨병 환자에게는 탄수화물계산법 등을 이용한 집중인슐린치료 교육을 제공받으며, 2형당뇨병 환자는 식사 조절을 통해 체중감량과 혈당 조절, 지질 수치 및 혈압 감소 등의 여러 임상적 이득을 얻을 수 있습니다.","['46\n진료 시 고려할 점\n∙ 모든 환자에게 의학영양요법 교육을 시행하는 것이 좋다.\n∙ 항산화제나 ω-3 지방산의 일상적인 보충은 권고하지 않는다.\n 근거 설명\na) 의학영양요법은 당뇨병의 예방 및 관리, 그리고 자기관리교육의 필수적 요소이다. \x12 당뇨병이나 당뇨병전단계 \n환자는 임상영양사를 통해 개별화된 의학영양요법을 받아야 한다. 1형당뇨병 환자에게는 탄수화물계산법 등을 \n이용한 집중인슐린치료 교육을 제공해야 한다. 2형당뇨병에서는 식사 조절을 통한 체중감량으로 혈당조절뿐만 \n아니라 지질 수치 및 혈압 감소 등 여러 임상적 이득들도 얻을 수 있다.\nb) 에너지 섭취량은 혈당, 혈압, 지질 수치와 체중, 연령, 성별, 에너지 소비량, 합병증 등을 고려해 조절한다 .\x12\r\x13 \n과체중(비만전단계)이거나 비만한 2형당뇨병 환자는 에너지 섭취를 제한하여 체중을 5% 이상 감량하도록 한다. \n다량영양소(macronutrient)들의 이상적 섭취 비율은 없으며 이 또한 식사 패턴, 선호도, 치료 목표 등에 따 라  \n개별화해야 한다. 그러나 탄수화물 섭취가 많은 우리의 식습관을 고려하면, 탄수화물 섭취량은 하루 섭취 \n열량의 50-60% 이내가 일반적으로 적절하다.\n\x14 탄수화물은 가능한 식품섬유(dietry fibers)가 풍부한 통곡물, \n채소, 콩, 과일 등으로 섭취하며 당류 섭취를 줄인다. 단백질 섭취량은 총 섭취 에너지의 15-20%를 권장한다. \n지방 섭취량은 25% 이내로 하며, 포화지방산이나 트랜스지방이 많은 식품(돼지고기나 쇠고기, 닭 껍질, 버터, \n마가린, 생크림, 쇼트닝, 치즈, 햄 등)대신 불포화지방산이 많은 식품(등푸른생선, 식물성 기름 등)을 선택한다.\nc) 음주는 혈당조절을 악화시키므로 금주를 하는 것이 좋다.', '45\nⅡ. 당뇨병 관리\n3. 의학영양요법\n권고 적용군 2형당뇨병 환자 진료환경 진료실/지역사회\n중재/실행지표 의학영양요법 교육\n비교지표 의학영양요법 교육을 받지 않음\n결과물 혈당·혈압·지질 개선, 체중감량\n권고 내용 권고등급 근거수준 권고도출\n자료원\n∙ 당뇨병전단계나 당뇨병이 있는 환자에게 개별화된 의학영양요법 \n교육을 권고한다. B\nⅠA 2, 8, 31, \n32\n∙ 다량영양소(탄수화물, 단백질 및 지방)의 섭취 비율은 치료 목표와 \n환자의 선호도에 따른 개별화를 고려할 수 있다.\n- 일반적으로 탄수화물은 총섭취영양의 50-60%, 단백질은 \n15-20%로 하며, 지방은 25% 이내로 한다. C\nⅡb Guideline 2\n∙ 탄수화물은 식품섬유가 많은 음식(통곡물, 채소, 콩, 과일 등)으로 \n섭취하는 것을 고려한다. C\nⅡa B 2, 5, \n33\n∙ 포화지방이나 트랜스지방이 많은 식품 대신 불포화지방이 많은 \n식품으로 선택하는 것을 고려한다. C\nⅡa B 2, 5, \n34\n∙ 가능한 금주를 고려한다. D\n Ⅱa Guideline 5, 28-30\n∙ 음주를 할 경우 저혈당 예방 교육을 고려한다. D\n Ⅱa B 5, 28-30\n∙ 비타민이나 무기질은 결핍 상태에 있거나 제한적 식사섭취를 할 \n경우에는 보충을 고려할 수 있다. E\nⅡb Guideline 2, 5\n이익 및 불이익 †\n∙ 이  익\n - 혈당, 혈압, 지질 개선 \n - 체중 감소\n∙ 불이익\n  -  없 음\n† 다학제 임상진료지침 개발위원회에서는 이익과 불이익 연계 근거를 검토하고 전문가 의견을 취합하여 논의한 \n결과, 권고 관련 얻을 수 있는 이익이 크고 발생 가능한 불이익이 거의 없을 것으로 판단함.']","['<1-hop>\n\n근거 설명 a) 의학영양요법은 당뇨병의 예방 및 관리, 그리고 자기관리교육의 필수적 요소이다. \x12 당뇨병이나 당뇨병전단계 환자는 임상영양사를 통해 개별화된 의학영양요법을 받아야 한다. 1형당뇨병 환자에게는 탄수화물계산법 등을 이용한 집중인슐린치료 교육을 제공해야 한다. 2형당뇨병에서는 식사 조절을 통한 체중감량으로 혈당조절뿐만 아니라 지질 수치 및 혈압 감소 등 여러 임상적 이득들도 얻을 수 있다. b) 에너지 섭취량은 혈당, 혈압, 지질 수치와 체중, 연령, 성별, 에너지 소비량, 합병증 등을 고려해 조절한다 .\x12 \x13 과체중(비만전단계)이거나 비만한 2형당뇨병 환자는 에너지 섭취를 제한하여 체중을 5% 이상 감량하도록 한다. 다량영양소(macronutrient)들의 이상적 섭취 비율은 없으며 이 또한 식사 패턴, 선호도, 치료 목표 등에 따 라 개별화해야 한다. 그러나 탄수화물 섭취가 많은 우리의 식습관을 고려하면, 탄수화물 섭취량은 하루 섭취 열량의 50-60% 이내가 일반적으로 적절하다. \x14 탄수화물은 가능한 식품섬유(dietry fibers)가 풍부한 통곡물, 채소, 콩, 과일 등으로 섭취하며 당류 섭취를 줄인다. 단백질 섭취량은 총 섭취 에너지의 15-20%를 권장한다. 지방 섭취량은 25% 이내로 하며, 포화지방산이나 트랜스지방이 많은 식품(돼지고기나 쇠고기, 닭 껍질, 버터, 마가린, 생크림, 쇼트닝, 치즈, 햄 등)대신 불포화지방산이 많은 식품(등푸른생선, 식물성 기름 등)을 선택한다. c) 음주는 혈당조절을 악화시키므로 금주를 하는 것이 좋다. 인슐린 또는 인슐린분비촉진제를 투여하는 환자에서 음주 후 저혈당이 발생할 수 있으므로 혈당 검사와 식사를 거르지 않도록 미리 교육한다. 음주를 할 때 안면홍조가 생기는 경우에는 적정음주를 하여도 고혈당과 대사증후군의 위험이 증가할 수 있으므로 금주가 필요하다. \x15 d) 비타민 또는 무기질이 생체기능 유지에 필수적이긴 하지만, 이들의 보충이 임상적인 이득을 준다는', '<2-hop>\n\n46\n 진료 시 고려할 점\n∙ 모든 환자에게 의학영양요법 교육을 시행하는 것이 좋다.\n∙ 항산화제나 ω-3 지방산의 일상적인 보충은 권고하지 않는다.\n  보고는 없으므로 권장하지는 않는다.\x12 그러나 결핍 상태에 있거나 제한적 식사섭취를 하고 있는 경우에는 보충을 고려할 수 있다. 비타민 E나 C와 같은 항산화제, EPA (eicosapentaenoic acid)나 DHA (doco sa hexaenoic acid)와 같은 오메가 3(ω-3) 지방산 보충 역시 임상적 증거가 없으므로 권고하지 않는다. \x12\x01 참 고 문 헌\n1 .E v e r t  A B ,  B o u c h e r  J L ,  C y p r e s s  M ,  e t  a l .  N u t r i t i o n  t h e r a p y  r e commendations for the \nmanagement of adults with dia betes. Diabetes Care 2014;37(1):S1 20-S143.\n2. 대한당뇨병학회. 당뇨 병교육지침서 제4판. 2019.\n3. 대한당뇨병학회. 2021 당뇨병 진료지침. 2021. \n4. Kim MY, Kim SS, Kim JS, et al. Relationship between alcohol c onsumption and metabolic \nsyndrome according to facial flushing in korean males. Korean J  Fam Med. 2012; \n33(4):211-218.']",0.8571428571428571,0.8047329386106368,0.99999999995,1.0
약물치료가 2형당뇨병 환자에게 어떤 이익과 불이익을 주는지 알려줘.,"약물치료는 2형당뇨병 환자에게 여러 이익과 불이익을 제공합니다. 이익으로는 혈당조절 목표에 도달할 수 있으며, 이는 당뇨병 합병증 예방과 삶의 질 향상으로 이어질 수 있습니다. 그러나 불이익으로는 약물치료에 따른 부작용 가능성이 존재합니다. 특히 저혈당과 같은 잠재적인 부작용이 있을 수 있으며, 약물 선택 시 동반질환, 혈당강화 효과, 저혈당 위험도, 체중에 대한 영향 등을 고려해야 합니다.","약물치료는 2형당뇨병 환자에게 혈당조절 목표 도달, 삶의 질 향상, 당뇨병 합병증 예방 등의 이익을 제공할 수 있다. 그러나 약물치료에는 저혈당과 같은 부작용 가능성이 존재한다. 여러 임상연구에 따르면, 진단 시부터 적극적인 생활습관 교정과 개별화된 약물치료를 통해 목표 혈당에 도달하면 장기적으로 당뇨병 합병증을 예방할 수 있으며, 삶의 질도 향상될 수 있다.","['51\nⅡ. 당뇨병 관리\n이익 및 불이익 †\n∙ 이  익\n - 혈당조절 목표 도달\n - 삶의 질 향상\n - 당뇨병합병증 예방\n∙ 불이익\n - 약물치료 부작용 가능성\n∙ 진단 시부터 적극적인 생활습관교정과 개별화된 약물치료로 목표혈당에 도달하면 장기적으로 당뇨병\n합병증을 예방할 수 있음이 여러 임상연구에서 밝혀졌다. 더불어 삶의 질도 향상시킬 수 있다. 저혈당 \n등 약물치료에 따른 잠재적인 부작용 이외에 특별한 위해는 없다.\n† 다학제 임상진료지침 개발위원회에서는 이익과 불이익 연계 근거를 검토하고 전문가 의견을 취합하여 논의한 \n결과, 권고 관련 얻을 수 있는 이익이 발생 가능한 불이익보다 매우 클 것으로 판단함.\n진료 시 고려할 점\n∙ 약제들의 효과와 부작용에 대해 잘 숙지하고, 약제 선택 시에는 동반질환(심부전, 죽상경화심혈관질환, \n만성신장질환) 여부, 혈당강화 효과, 저혈당 위험도, 체중에 대한 영향, 부작용, 치료 수용성, 비용, \n환자의 선호도를 고려하여 개별화한다.', '77\nⅡ. 당뇨병 관리\n이익 및 불이익\n∙ 비만한 2형당뇨병 환자에서 생활습관교정(식사치료, 운동치료 및 행동치료) 또는 비만 약물치료에 따른 \n체중감량 효과를 비교한 체계적문헌연구에 따르면, 중재 후 1년 시점에서 치료 전 체중에서 5% 이상 \n감량한 경우 혈당, 지질과 혈압 등 대사지표가 개선되는 이득이 있고, 비만 약물치료를 시행하는 경우, \n체중감량이나 합병증 개선의 측면에서 단기간 체중감량은 의미가 적고 장기간 체중감량 유지가 필요하며, \n대규모 임상연구의 결과에 기초하여 장기간 사용 승인을 받은 약물치료를 고려해야 한다. 체중감량은 \n담석, 담낭염, 담석급통증, 근육량과 근력감소, 수분과 전해질이상, 간장애, 요산증가, 변비나 설사, \n모발과 피부손상 및 체온조절장애 등의 부작용, 그리고 비만 약물의 부작용, 금기사항에 해당하는 \n위해와 의료비용 증가를 가져올 수 있다.\nõ\r\x17\x0e\x19\r\x12\x12\x0e\x12\x14\n† 다학제 임상진료지침 개발위원회에서는 이익과 불이익 연계 근거를 검토하고 전문가 의견을 취합하여 논의한 \n결과, 권고 관련 얻을 수 있는 이익이 발생 가능한 불이익보다 클 것으로 판단함.\n1) 비만한 2형당뇨병 환자가 적극적 생활습관교정을 통해 체중을 감량하고 유지하면 혈당조절 및 심혈관\n질환 위험인자가 개선되며, 체중감량은 담석, 담낭염, 담석급통증, 근육량과 근력감소, 수분과 전해질\n이상, 간장애, 요산증가, 변비나 설사, 모발과 피부손상 및 체온조절장애 등의 부작용이 있고, 적극적 \n생활습관교정의 유지는 의료비용 증가가 발생할 수 있다. õ\r\x12\r\x15\n† 다학제 임상진료지침 개발위원회에서는 이익과 불이익 연계 근거를 검토하고 전문가 의견을 취합하여 논의한 \n결과, 권고 관련 얻을 수 있는 이익이 크고 발생 가능한 불이익이 거의 없을 것으로 판단함.']","['<1-hop>\n\n51\n Ⅱ. 당뇨병 관리\n 이익 및 불이익 †\n∙ 이  익\n - 혈당조절 목표 도달\n - 삶의 질 향상\n - 당뇨병합병증 예방\n∙ 불이익\n - 약물치료 부작용 가능성\n∙ 진단 시부터 적극적인 생활습관교정과 개별화된 약물치료로 목표혈당에 도달하면 장기적으로 당뇨병\n합병증을 예방할 수 있음이 여러 임상연구에서 밝혀졌다. 더불어 삶의 질도 향상시킬 수 있다. 저혈당 \n등 약물치료에 따른 잠재적인 부작용 이외에 특별한 위해는 없다.\n† 다학제 임상진료지침 개발위원회에서는 이익과 불이익 연계 근거를 검토하고 전문가 의견을 취합하여 논의한 \n결과, 권고 관련 얻을 수 있는 이익이 발생 가능한 불이익보다 매우 클 것으로 판단함.\n 진료 시 고려할 점\n∙ 약제들의 효과와 부작용에 대해 잘 숙지하고, 약제 선택 시에는 동반질환(심부전, 죽상경화심혈관질환, \n만성신장질환) 여부, 혈당강화 효과, 저혈당 위험도, 체중에 대한 영향, 부작용, 치료 수용성, 비용, \n환자의 선호도를 고려하여 개별화한다.\n∙ 진료 의뢰: 혈당강하제의 부작용 발생, 혈당조절 불량, 집중인슐린요법 필요, 당뇨병의 급성 및 만성 합병증\n으로 약제 조정이 필요한 경우\n ', '<2-hop>\n\n76\n11.  비만 관리\n권고 적용군 2형당뇨병 환자 진료환경 진료실\n중재/실행지표 비만 관리(생활습관교정, 약물치료, 수술)\n비교지표 비만 관리(생활습관교정, 약물치료, 수술)를 하지 않음\n결과물 체중감량, 혈당호전, 심혈관질환 및 사망률 감소, 삶의 질 향상\n 권고 내용 권고\n등급\n근거\n수준\n권고도출  \n자료원\n∙ 비만한 2형당뇨병 환자는 혈당조절을 위해 생활습관교정으로 체중을 \n5% 이상 감량하고 유지할 것을 권고한다. B\n\r\x12\nⅠA\n4, 10, \n126-131, \n137, 140\n∙ 비만한 2형당뇨병 환자는 체중감량을 위해 생활습관교정을 하고 \n실패할 경우 보조요법으로 약물치료를 고려할 수 있다. C\n\r\x13\nⅡb A\n2, 3, 115, \n120-122,\n125, 134, \n138\n∙ 약물치료를 시작하고 3개월 내 체중이 5% 이상 감소하지 않으면 \n다른 약제로 변경하거나 약물치료 중단을 고려할 수 있다. D\n\r\x14\nⅡb A\n2, 3, 116, \n125, 133, \n138\n∙ 체질량지수가 30 kg/m² 이상인 2형당뇨병 환자가 비수술치료로 \n체중감량 및 혈당조절에 실패한 경우 비만수술을 고려할 수 \n있다.E\n\r\x15\nⅡb A\n2, 117-119,\n123-125,\n132, 135,\n136, 139\n']",1.0,0.7824401887523411,0.99999999995,1.0
"임신당뇨병이란 무엇이며, 그 원인과 특징은 무엇인가요?","임신당뇨병은 임신 중에 처음 시작되거나 발견되는 당불내성으로 정의됩니다. 이는 임신과 관련된 합병증으로, 3-14%의 임산부에서 발생하며, 임신 중 가장 흔한 내과적 합병증 중 하나입니다. 임신당뇨병은 임신고혈압, 분만 시 손상, 난산, 임산부의 당뇨병 발생과 관련이 있으며, 거대아, 신생아 저혈당, 신생아 골절 및 신경손상 등 주산기 합병증을 유발할 수 있습니다. 장기적으로는 자녀의 비만과 당뇨병 위험을 증가시킬 수 있습니다. 

임신당뇨병의 원인은 임신 중 호르몬 변화로 인해 인슐린 저항성이 증가하는 것으로 설명됩니다. 이러한 변화는 혈당 조절에 영향을 미쳐 임신당뇨병을 유발할 수 있습니다.","임신당뇨병은 임신 중 진단된 당뇨병으로, 1형당뇨병과 2형당뇨병의 원인과 특징이 있습니다. 1형당뇨병은 인슐린을 분비하는 췌장의 베타세포가 서서히 파괴되어 인슐린 분비가 없어지는 질환으로, 자가면역질환의 형태로 나타날 수 있습니다. 2형당뇨병은 인슐린저항성과 인슐린의 분비량 부족으로 초래되며, 이 두 가지 병인은 모든 당뇨병 환자들에게 반드시 존재합니다. 임신당뇨병은 이러한 당뇨병의 특성을 고려하여 관리해야 합니다.","['22\n이익 및 불이익 †\n∙ 이  익\n  - 정상 출산\n  - 임산부 및 태아의 주산기 합병증 감소\n  - 고위험 출산 감소\n∙ 불이익\n  -  없 음\n† 다학제 임상진료지침 개발위원회에서는 이익과 불이익 연계 근거를 검토하고 전문가 의견을 취합하여 논의한 결과, \n권고 관련 얻을 수 있는 이익이 크고 발생 가능한 불이익이 거의 없을 것으로 판단함.\n진료 시 고려할 점 \n∙ 모든 임부를 대상으로 임신 초기에 당뇨병 선별검사를 시행하여 당뇨병 이환 여부를 평가해야 한다. \n∙ 임신당뇨병은 경구포도당부하검사를 시행하여 진단한다.\n∙ 임신당뇨병으로 진단된 임부는 임신기간 동안 엄격하게 혈당조절을 해야 한다.\n 근거 설명\na) 임신당뇨병은 임신 중에 처음 시작되었거나 발견되는 당불내성(carbohydrate intolerance)으로  정의되어 \n왔으나,\x12 2010년 International Association of Diabetes and Pregnancy Stud y Groups (IADPSG) \nConsensus Panel 보고서에서는 첫 산전 방문 시에 발견되는 당뇨병은 임신당뇨병이 아닌 기왕의 당뇨병으로 \n규정하였다.\x12 임신당뇨병은 임신과 관련된 합병증으로 3-14%에서 발생하며, 임신 중에 발생하는 가장 흔한 \n내과적 합병증의 하나이다. 임신당뇨병은 임신고혈압, 분만 시 손상, 난산, 임산부의 당뇨병 발생과 관련이 있고 \n거대아, 신생아 저혈당, 신생아 골절 및 신경손상 등 주산기 합병증 등을 유발하며 장기적으로는 자녀의 비만과 \n당뇨병의 위험을 증가시킨다고 알려져 왔다. 임신당뇨병을 진단하고 치료함으로써 위와 같은 주산기 합병증을 \n감소시킬 수 있는가에 대한 자료가 많지 않지만, 최근의 무작위 임상시험에서 임신당뇨병을 치료함으로써 \n주산기 이환율이 감소된다는 것이 증명되었다. 그러나 아직까지도 임신당뇨병의 선별검사와 진단기준에 대하여 \n논란이 계속되고 있다. \nb) 임신당뇨병의 선별검사로는 임신 24-28주에 2시간 75 g 경구포도당부하검사가 추천된다.', '142\n5 .  당 뇨 병 과  임 신  \n권고 적용군 임신당뇨병 환자, \n당뇨병 환자가 임신한 경우 진료환경 진료실\n중재/실행지표 임신기간 중 목표혈당 조절을 위한 검사와 치료 시행\n비교지표 임신기간 중 목표혈당 조절을 위한 검사와 치료 미시행\n결과물 태아 및 임산부 합병증 예방\n권고 내용 권고등급 근거수준 권고도출\n자료원\n∙ 임신당뇨병 환자 또는 당뇨병 환자가 임신한 경우 생활습관교정\n(영양요법 및 운동요법)을 권고한다. B\n\x01\nⅠA 16, \n17, 18\n∙ 임신당뇨병 환자 또는 당뇨병 환자가 임신한 경우 자기혈당측정을 \n실천할 것을 권고하며, 공복 또는 식전 혈당보다는 식후 혈당측정 \n및 조절에 비중을 두어야 한다. C\nⅠA 2 ,  2 1 ,  2 6\n∙ 임신당뇨병 환자 또는 당뇨병 환자가 임신한 경우, 혈당조절 목표는\n다음과 같이 권고한다. D\n  ① 식전 혈당 ≤ 95 mg/dL, \n  ② 식후 1시간 혈당 ≤ 140 mg/dL, \n  ③ 식후 2시간 혈당 ≤ 120 mg/dL \nⅠA 2, 19, \n22, 23\n∙ 임신당뇨병 환자 또는 당뇨병 환자가 임신한 경우 목표혈당을 \n적극적으로 관리하고, 만약 목표혈당에 도달하기 어려운 경우에는 \n인슐린 치료를 권고한다. E\nⅠA 2, 20, \n24, 25\n이익 및 불이익 †\n∙ 이  익\n - 주산기 합병증 및 산과 합병증 감소\n - 임산부의 위험성 감소\n - 거대아 출생의 위험 감소\n∙ 불이익 \n - (약물치료 시) 부작용 가능성\n∙ 임신 중 철저한 혈당조절은 주산기 합병증 및 산과 합병증을 감소시킬 수 있다. 또한 거대아 출생의 \n위험도 감소되므로, 철저한 혈당조절이 권고된다. 생활습관 관리는 임신당뇨병 관리의 기본이다. 의학영양\n요법과 운동요법으로 목표혈당에 도달하기 어려운 경우에는 인슐린 치료를 즉시 시작하는 것이 필요하다.']",['임신당뇨병\nE\n\r\x12\r\x13\n(임신 중 진단된 당뇨병) -\n 근거 설명\na) 1형당뇨병은 인슐린을 분비하는 췌장의 베타세포가 서서히 파괴되어 결국 인슐린 분비가 없어지는 질환이다. \n자가면역질환의 한 형태로 나타날 수 있으며 이 경우 대부분 자가항체(anti-GAD 항체)가 양성으로 나타난다. \n하지만 자가면역성을 증명할 수 없는 특발성의 경우 일반적으로 인슐린 결핍이 비교적 서서히 진행되어 초기에는 \n2형당뇨병과 구분이 어려울 수 있다. 1형당뇨병은 전 연령에 걸쳐 발생하며 우리나라에서도 최근 발생률이 \n증가하는 추세다.\n\x12\nb) 2형당뇨병은 인슐린저항성(인슐린의 작용 감소)과 인슐린의 분비량 부족으로 초래되는 질환이다. 이 두 가지 \n병인은 모든 당뇨병 환자들에게서 반드시 존재한다. 하지만 인슐린저항성이 좀 더 우세한 경우(예를 들면 \n비만증 동반)와 인슐린 분비결핍(예를 들면 저체중인 경우)이 더 우세한 경우로 나누어지기도 한다. \x12 복잡한 \n병인을 고려하면 모든 환자들에게서 인슐린저항성과 인슐린분비능을 같이 고려하면서 치료해야 장기적인 혈당\n관리가 가능하다. '],0.7692307692307693,0.7086192304614495,0.99999999995,0.5
"당뇨병망막병증의 예방을 위해 고혈당과 고혈압을 어떻게 관리해야 하며, 이와 관련된 권고 사항은 무엇인가요?","당뇨병망막병증의 예방을 위해서는 혈당, 혈압, 및 지질 수치를 최적으로 조절하는 것이 중요합니다. 이를 위해 권고되는 사항은 다음과 같습니다:

1. **혈당 조절**: 당뇨병 환자는 혈당을 정상에 가깝게 유지해야 하며, 당화혈색소 목표는 6.5% 미만으로 설정하는 것이 적절합니다. 이는 당뇨병망막병증의 발생을 예방하거나 진행을 지연시키는 데 도움이 됩니다.

2. **혈압 조절**: 고혈압 역시 당뇨병망막병증의 진행에 영향을 미치므로, 혈압을 적절히 관리해야 합니다.

3. **지질 수치 관리**: 이상지질혈증도 당뇨병망막병증의 진행에 영향을 줄 수 있으므로, 지질 수치의 조절도 필요합니다.

4. **안저검사 및 포괄적인 안과검진**: 당뇨병 환자는 진단과 동시에 안저검사 및 포괄적인 안과검진을 받아야 하며, 이를 통해 당뇨병망막병증의 조기 진단과 진행 상황을 확인할 수 있습니다.

이러한 권고 사항들은 당뇨병망막병증의 예방 및 진행 억제를 위한 중요한 지침입니다.","당뇨병망막병증의 예방을 위해서는 혈당, 혈압, 및 지질 수치를 최적으로 조절하는 것이 권고된다. 대규모 임상연구에 따르면, 당뇨병 진단 직후부터 지속적으로 혈당을 정상에 가깝게 유지하면 당뇨병망막병증의 발생을 예방하거나 진행을 지연시킬 수 있으며, 혈압 조절 역시 중요하다. 또한, 초기 안과검사에서 망막병증 소견이 없는 경우에는 보통 매년 검사를 하도록 권장되지만, 최근에는 비용-효과를 고려하여 저위험군에서는 검사주기를 연장할 수 있다는 의견도 있다.","['112\n4. 당뇨병망막병증\n권고 적용군 2형당뇨병 환자 진료환경 진료실\n중재/실행지표 안저검사 및 포괄적인 안과검진 \n비교지표 안저검사 및 포괄적인 안과검진 미시행\n결과물 당뇨병망막병증 예방 및 진행 억제\n권고 내용 권고등급 근거수준 권고도출\n자료원\n∙ 당뇨병망막병증의 발생과 진행을 억제하기 위해서는 혈당, 혈압, \n및 지질 수치를 최적으로 조절하도록 권고한다. B\n\r\x12\n ⅠA 1, 2, 73-75, \n78, 79\n∙ 당뇨병망막병증의 진단 및 진행을 알아보기 위해 선별검사로서 \n안저검사 및 포괄적인 안과검진을 해야 한다. C\n\r\x13\n ⅠB\n1, 2, \n73, 74, 76, \n77\n이익 및 불이익\n∙ 이  익\n - 당뇨병망막병증 발생률 감소\n - 실명 감소\n∙ 불이익\n  -  없 음\n1) 당뇨병 환자에게서 고혈당과 고혈압은 망막병증의 발생과 진행을 예측하는 중요한 요소이다. 대규모 \n임상연구에서 당뇨병 진단 직후부터 지속적으로 혈당을 정상에 가깝게 유지하면 당뇨병망막병증의 \n발생을 예방하거나 진행을 지연시킬 수 있었고, 혈압조절 역시 마찬가지였다. 이상지질혈증도 당뇨병\n망막병증의 진행에 영향을 줄 것으로 생각되는데, 대규모 연구에서 페노파이브레이트를 투여한 경우 \n당뇨병망막병증의 진행을 막거나 병기를 호전시킬 수 있었다. 약제의 잠재적인 유해반응 이외에 이러한 \n치료에 특별한 위해는 없다.\nõ\n2) 2형당뇨병 환자의 경우에는 일반적으로 당뇨병으로 진단되지 않았던 상당 기간이 선행될 것으로 추정\n되므로 진단과 동시에 산동안저검사를 포함한 포괄적인 안과진찰을 권고한다.', '38\n 근거 설명\na) 철저한 혈당조절은 당뇨병합병증을 예방할 수 있다. Kumamoto 연구 \x14와 UK Prospective Diabetes Study \n(UKPDS)\x15, 비교적 오랜 유병 기간을 가진 당뇨병 환자들을 대상으로 했던 Action in Diabetes and \nVascular Disease: Preterax and Diamicron MR Controlled Evaluati on (ADVANCE)과 Veterans \nAffairs Diabetes Trial (VADT) 연구에서도 철저한 혈당조절은 미세혈관합병증의 발생을 줄였다\x16. UKPDS에서는 \n심근경색증 발생률과 총사망률도 줄일 수 있었다. 철저한 혈당조절로 실제 도달했던 당화혈색소는 Kumamoto \n연구와 UKPDS에서 7.0-7.4%였고, ADVANCE, VADT 연구에서는 6.5-6.9%였다. Kumamoto 연구자들은 \n미세혈관합병증을 예방하기 위한 혈당조절 목표로 당화혈색소 6.5% 미만을 제시하였고, ADVANCE 연구에서 \n대혈관합병증을 줄일 수 있는 당화혈색소의 역치는 7.0%, 미세혈관합병증에 대해서는 6.5%라 보고했다\n\x13. 이런 \n연구 결과들을 고려할 때 2형당뇨병 성인에게서 일반적인 혈당조절의 목표는 6.5% 미만이 적절할 것이다.\nb) 모든 환자들이 적극적인 혈당조절의 이득을 얻을 수 있는 것은 아니다. 일부 연구에서는 합병증 예방효과를 \n입증하지 못했고, ACCORD 연구에서는 적극적인 치료가 오히려 사망률을 높이는 결과도 보여 주었다\n[hazard ratio 1.22 (95% CI 1.01 to 1.46)] \x16. 사망률 증가의 기전으로 적극적인 치료군에서 높을 수밖에 \n없는 저혈당을 주목하였으나, 직접적인 연관성은 밝혀지지 않았다. 이후 사후(post-hoc)분석에서 연구 참여 \n당시 혈당조절이 나쁘지 않았거나, 심혈관질환이 없었던 환자들에게서는 적극적인 혈당조절의 이점이 관찰\n되었다. 반면 당뇨병 유병 기간이 길거나, 심한 저혈당의 발생 병력이 있던 경우, 고령이거나 노쇠한 경우, \n심한 죽상경화증을 갖고 있는 경우에서는 오히려 덜 엄격한 치료가 나은 결과를 보였다. 여러 연구 결과들을 \n종합하면, 혈당을 철저히 조절하는 것은 합병증 예방에 확실한 이득을 가져다준다.']","['<1-hop>\n\n112\n4.  당뇨병망막병증\n권고 적용군 2형당뇨병 환자 진료환경 진료실\n중재/실행지표 안저검사 및 포괄적인 안과검진 \n비교지표 안저검사 및 포괄적인 안과검진 미시행\n결과물 당뇨병망막병증 예방 및 진행 억제\n 권고 내용 권고등급 근거수준 권고도출\n자료원\n∙ 당뇨병망막병증의 발생과 진행을 억제하기 위해서는 혈당, 혈압, \n및 지질 수치를 최적으로 조절하도록 권고한다. B\n\r\x12\n ⅠA 1, 2, 73-75, \n78, 79\n∙ 당뇨병망막병증의 진단 및 진행을 알아보기 위해 선별검사로서 \n안저검사 및 포괄적인 안과검진을 해야 한다. C\n\r\x13\n ⅠB\n1, 2, \n73, 74, 76, \n77\n 이익 및 불이익\n∙ 이  익\n - 당뇨병망막병증 발생률 감소\n - 실명 감소\n∙ 불이익\n  -  없 음\n1) ', '<2-hop>\n\n당뇨병 환자에게서 고혈당과 고혈압은 망막병증의 발생과 진행을 예측하는 중요한 요소이다. 대규모 \n임상연구에서 당뇨병 진단 직후부터 지속적으로 혈당을 정상에 가깝게 유지하면 당뇨병망막병증의 \n발생을 예방하거나 진행을 지연시킬 수 있었고, 혈압조절 역시 마찬가지였다. 이상지질혈증도 당뇨병\n망막병증의 진행에 영향을 줄 것으로 생각되는데, 대규모 연구에서 페노파이브레이트를 투여한 경우 \n당뇨병망막병증의 진행을 막거나 병기를 호전시킬 수 있었다. 약제의 잠재적인 유해반응 이외에 이러한 \n치료에 특별한 위해는 없다.\nõ\n2) 2형당뇨병 환자의 경우에는 일반적으로 당뇨병으로 진단되지 않았던 상당 기간이 선행될 것으로 추정\n되므로 진단과 동시에 산동안저검사를 포함한 포괄적인 안과진찰을 권고한다. 초기 안과검사에서 망막\n병증소견이 없는 경우에는 보통 매년 검사를 하도록 하는데, 최근에는 비용-효과를 고려하여 당뇨병\n망막병증의 저위험군에서는 검사주기를 연장할 수 있다는 의견도 있으며 실제 환자 경과관찰기간은 \n환자의 안저상태, 동반된 다른 안과질환, 전신상태, 환자의 경제사회적 상황 등 여러 가지를 종합적으로\n고려하여 선택되어야 할 것이다.\nõ\r\x12\r\x13\n† 다학제 임상진료지침 개발위원회에서는 이익과 불이익 연계 근거를 검토하고 전문가 의견을 취합하여 논의한 \n결과, 권고 관련 얻을 수 있는 이익이 크고 발생 가능한 불이익이 거의 없을 것으로 판단함.']",1.0,0.6891571087600169,0.99999999995,0.6666666666666666
"당뇨병 관리 지침에 따르면, 당뇨병 환자의 혈압 조절을 위한 권장 사항은 무엇인가요?","당뇨병 환자는 병원 방문 시마다 혈압을 측정하고, 혈압을 140/85 mmHg 미만으로 유지하도록 권고됩니다. 심혈관질환을 동반한 경우에는 혈압을 130/80 mmHg 미만으로 조절할 것을 고려해야 하며, 수축기혈압이 140 mmHg 이상 또는 확장기혈압이 85 mmHg 이상 지속될 경우 약물치료를 시작하는 것이 권장됩니다. 또한, 고혈압을 동반한 당뇨병 환자에게는 나트륨 섭취 감소, 음주 최소화, 운동량 증가 등의 생활습관 교정이 지속적으로 권장됩니다.","당뇨병 관리 지침에 따르면, 혈압 조절을 위해 다양한 치료 방법이 권장됩니다. 예를 들어, 2009년의 메타 분석에서는 11,000명의 참가자를 대상으로 한 연구에서 혈압을 낮추기 위한 여러 치료법이 평가되었습니다. 또한, 2010년의 연구에서는 당뇨병 환자에서의 다양한 고혈압 치료법에 따른 심혈관 사건을 분석하였습니다. 이러한 연구들은 당뇨병 환자의 혈압 관리에 있어 효과적인 치료 전략을 제시하고 있습니다.","['71\nⅡ. 당뇨병 관리\n10. 고혈압 관리\n권고 적용군 2형당뇨병 환자 진료환경 진료실\n중재/실행지표 혈압 측정, 생활습관교정, 약물치료\n비교지표 혈압 측정, 생활습관교정, 약물치료 미시행\n결과물 목표혈압 도달, 당뇨병신장질환과 심혈관질환 예방 및 진행 억제\n권고 내용 권고등급 근거수준 권고도출 \n자료원\n∙ 당뇨병 환자는 병원 방문 시마다 혈압을 측정하고 혈압을 \n140/85 mmHg 미만으로 유지하도록 권고한다. B\n\r\x12\nⅠB\n2, 3, 88, \n94, 100, \n108, 110\n∙ 심혈관질환을 동반한 당뇨병 환자는 혈압을 130/80 mmHg \n미만으로 조절할 것을 고려한다. C\n\x01\nⅡa B 90, 94\n∙ 수축기혈압 140 mmHg 이상 또는 확장기혈압 85 mmHg 이상 \n지속 시 약물치료 시작을 권고한다. \nⅠA\n2 ,  8 8 ,  9 4 ,  \n100, 108, \n110\n∙ 고혈압을 동반한 당뇨병 환자에게 나트륨 섭취의 감소, 음주의 \n최소화 및 운동량 증가 등 지속적인 치료적 생활습관교정을 권고\n한다.D\nⅠB 2 ,  9 5 ,  9 7 ,  \n105, 107\n∙ 고혈압을 동반한 당뇨병 환자에게 모든 종류의 고혈압약을 일차\n약제로 권고한다. E\nⅠA 2, 92, 111\n∙ 알부민뇨 또는 관상동맥질환을 동반한 경우 안지오텐신전환효소\n억제제나 안지오텐신II수용체차단제를 권고한다. E\nⅠA\n2 ,  8 9 ,  9 3 ,  \n96, 103, \n106, 109\n∙ 일차약제로 혈압조절이 되지 않는 경우, 서로 다른 기전을 가진 \n약물들의 병용요법을 권고하며, 다만 안지오텐신전환효소억제제와\n안지오텐신II수용체차단제의 병용은 권고하지 않는다.\nF\nⅠA\n2, 99, 102,\n104, 112, \n113\n∙ 혈압이 160/100 mmHg를 초과하는 경우 적극적인 생활습관\n교정과 함께 처음부터 서로 다른 기전을 가진 두 가지 이상 약물들의\n병용요법을 권고한다.', '부록 3\n245\n권고 내용 권고등급 근거수준\n∙ 스타틴 투여로 LDL 콜레스테롤은 목표치에 도달하였으나 중성지방이 \n높거나 HDL 콜레스테롤이 낮은 경우 다른 기전의 지질강하제(파이브레이트, \n오메가-3지방산)와 병용요법을 고려할 수 있다.\nⅡb C\n10. 고혈압 관리\n∙ 당뇨병 환자는 병원 방문 시마다 혈압을 측정하고 혈압을 140/85 \nmmHg 미만으로 유지하도록 권고한다.\nⅠB\n∙ 심혈관질환을 동반한 당뇨병 환자는 혈압을 130/80 mmHg 미만으로 \n조절할 것을 고려한다.\nⅡa B\n∙ 수축기혈압 140 mmHg 이상 또는 확장기혈압 85 mmHg 이상 지속 시 \n약물치료 시작을 권고한다. \nⅠA\n∙ 고혈압을 동반한 당뇨병 환자에게 나트륨 섭취의 감소, 음주의 최소화 및 \n운동량 증가 등 지속적인 치료적 생활습관교정을 권고한다.\nⅠB\n∙ 고혈압을 동반한 당뇨병 환자에게 모든 종류의 고혈압약을 일차약제로 권고\n한다.\nⅠA\n∙ 알부민뇨 또는 관상동맥질환을 동반한 경우 안지오텐신전환효소억제제나 \n안지오텐신II수용체차단제를 권고한다.\nⅠA\n∙ 일차약제로 혈압조절이 되지 않는 경우, 서로 다른 기전을 가진 약물들의 \n병용요법을 권고하며, 다만 안지오텐신전환효소억제제와 안지오텐신II수용체\n차단제의 병용은 권고하지 않는다.\nⅠA\n∙ 혈압이 160/100 mmHg를 초과하는 경우 적극적인 생활습관교정과 함께 \n처음부터 서로 다른 기전을 가진 두 가지 이상 약물들의 병용요법을 권고한다.\nⅠA\n∙ 안지오텐신전환효소억제제, 안지오텐신II수용체차단제, 또는 이뇨제 사용 시 \n혈청 크레아티닌과 칼륨 모니터링을 고려한다. \nⅡa D\n∙ 심혈관질환 예방 효과를 유지하기 위하여 고혈압 약물치료는 지속적으로 하는 \n것을 권고한다.\nⅠB\n11.']","['<1-hop>\n\nⅡ. 당뇨병 관리\nreducing blood pressure: meta-analysis on 11,000 participants f rom 42 trials. Am J \nMed 2009;122:290-300. \n113. Weber MA, Bakris GL, Jamerson K, et al. Cardiovascular even ts during differing \nhypertension therapies in patients with diabetes. J Am Coll Car diol 2010;56:77-85. \n114. Webster R, Salam A, de Silva HA, et al. Fixed low-dose trip le combination \nantihypertensive medication vs usual care for blood pressure co ntrol in patients with \nmild to moderate hypertension in Sri Lanka: a randomized clinic al trial. JAMA 2018; \n320:566-579.\n115. American Diabetes Association. 8. Obesity management for th e treatment of type 2 \ndiabetes: standards of medical care in diabetes. Diabetes Care 2020;43(1):S89-S97.\n116. Apovian CM, Aronne LJ, Bessese n DH, et al. Endocrine Societ y. Pharmacological \nmanagement of obesity: an Endocrine Society clinical practice g uideline. J Clin Endocrinol \nMetab 2015;100:342 –362. \n117. Buchwald H, Avidor Y, Braunwald E, et al. Bariatric surgery : a systematic review and \nmeta-analysis. JAMA 2004;292(14):1724-1737. \n118. Chong K, Ikramuddin S, Lee WJ, et al. National differences in remission of type 2 \ndiabetes mellitus after roux-en-y gastric bypass surgery-subgro up analysis of 2-year \nresults of the diabetes surgery study comparing taiwanese with Americans with Mild \nObesity (BMI 30-35 kg/m(2)). Obes Surg 2017;27:1189-1195.\n119. Cohen R, Le Roux CW, Junqueira S, et al. Roux-En-Y gastric bypass in type 2 \ndiabetes patients with mild obesity: a systematic review and me ta-analysis. Obes Surg \n2017;27:2733-2739.\n120. Davies MJ, Bergenstal R, Bode B, et al. Efficacy of liraglu tide for weight loss among \npatients with type 2 diabetes: the scale diabetes randomized cl inical trial. JAMA \n2015;314(7):687-699.\n121. Garvey WT, Ryan DH, Bohannon NJ, et al. Weight-loss therapy  in type 2 diabetes: \neffects of phentermine and topiramate extended release. Diabete s Care 2014;37(12): \n3309-3316. \n122. Hollander P, Gupta AK, Plodkowski R, et al. Effects of nalt rexone sustained- \nrelease/bupropion sustained-release combination therapy on body  weight and glycemic \nparameters in overweight and obese patients with type 2 diabete s. Diabetes Care \n2013;36(12):4022-4029. \n123. Ji G, Li P, Li W, et al. The effect of bariatric surgery on  asian patients with type 2 \ndiabetes mellitus and body mass index ＜ 30 kg/m 2: a systematic review and meta- \nanalysis.. Obes Surg 2019;29(8):2492-2502. \n124. Kasama K, Mui W, Lee WJ, et a l. IFSO-APC consensus stateme nts 2011. Obes Surg \n2012;22(5):677-684. \n125. Korean Society for the Study of Obesity. 2020 Korean Socie ty for the study of obesity \nguideline for the management of obesity in Korea. 2020.\n126. Lean ME, Leslie WS, Barnes AC, et al. Primary care-led weig ht management for ', '<2-hop>\n\n권고도출 자료원\n1. 대한당뇨병학회. 2021 당뇨병 진료지침. 2021. \n2. American Diabetes Association. Standards of Medical Care in D iabetes-2021. Diabetes \nCare 2021;44(suppl 1):S1-S232.\n3. Diabetes Canada. Diabetes Can ada 2018 clinical practice guide lines for the prevention and \nmanagement of diabetes in Cana da. Can J Diabetes 2018;42:S1-S35 2.\n4. Stevens RJ, Kothari V, Adler AI, et al. United Kingdom Prospe ctive Diabetes Study \n(UKPDS) Group. The UKPDS risk engine: a model for the risk of c oronary heart disease in \nType II diabetes (UKPDS 56). Clin Sci (Lond) 2001;101:671-679.\n5. Lawlor DA, Smith GD, Ebrahim S. Does the new International Di abetes Federation \ndefinition of the metabolic syndrome predict CHD any more stron gly than older \ndefinitions? Findings from the British Womens Heart and Health Study. Diabetologia \n2006;49:41-48.\n6. Ryden L, Standl E, Bartnik M, et al. Task Force on Diabetes a nd Cardiovascular Diseases \nof the European Society of Cardiology (ESC); European Associati o n  f o r  t h e  S t u d y  o f  \nDiabetes (EASD): Guidelines on diabetes, pre-diabetes, and card iovascular diseases: \nexecutive summary. The Task Force on Diabetes and Cardiovascula r Diseases of the \nEuropean Society of Cardiology (ESC) and of the European Associ ation for the Study of \nDiabetes (EASD). Eur Heart J 2007;28:88-136.\n7. Scognamiglio R, Negut C, Ramondo A, et al. Detection of coron ary artery disease in \nasymptomatic patients with type 2 diabetes mellitus. J Am Coll Cardiol 2006;47:65 –71.\n8. Cushman WC, Evans GW, Byington RP, et al. ACCORD Study Group.  Effects of intensive \nblood-pressure control in type 2 diabetes mellitus. N Engl J Me d 2010;362:1575 –1585.\n9. Shah BR, Bhattacharyya O, Yu C, et al. Evaluation of a toolki t to improve cardiovascular \ndisease screening and treatment for people with type 2 diabetes : protocol for a \ncluster-randomized pragmat ic trial. Trials 2010;11:44.\n10. Hansen LJ, Siersma V, Beck-Nielsen H, et al. Structured pers onal care of type 2 \ndiabetes: A 19 year follow-up of the study Diabetes Care in Gen eral Practice (DCGP). \nDiabetologia 2013;56(6):1243-1253.\n11. Noble D, Mathur R, Dent T, et al. Risk models and scores for  type 2 diabetes: \nsystematic review. BMJ (Online) 2011;343(7836):1243. \n12. Chung TN, Andy HL, Colin WB.   Components and validity of risk scores for screening for \nType 2 diabetes mellitus. Diabet es Management 2012;2(5):419-425 .\n13. Seidu S, Achana FA, Gray LJ, et al. Effects of glucose-lower ing and multifactorial \ninterventions on cardiovascular and mortality outcomes: a meta- analysis of randomized \ncontrol trials. Diabet Med 2015;33:280-289. \n14. Zinman B, Wanner C, Lachin JM, et al. Empagliflozin, cardiov ascular outcomes, and \nmortality in type 2 diabetes. N Engl J Med 2015;373(22):2117-21 28.\n15. Monami M, Dicembrini I, Mannucci E. Effects of SGLT-2 inhibi tors on mortality and ']",1.0,0.8461160998851502,0.99999999995,0.0
당뇨병신경병증 발생의 지연 및 예방과 당뇨병신장질환의 진행 억제를 위해 어떤 치료 전략이 효과적인가?,"당뇨병신경병증 발생의 지연 및 예방과 당뇨병신장질환의 진행 억제를 위해 가장 효과적인 치료 전략은 안정적이고 이상적인 혈당조절이다. 혈당조절은 발생 가능한 위해가 적고 이로 인한 이득이 매우 크기 때문에 당뇨병신경병증 치료에 도움이 된다. 또한, 조기 진단과 적절한 약물치료를 통해 통증을 경감시키고 삶의 질을 향상시키는 것도 중요한 전략이다.","당뇨병신경병증 발생의 지연 및 예방을 위해서는 조기 진단과 치료가 중요하며, 이는 환자의 통증 조절 및 삶의 질 향상에 기여합니다. 또한, 당뇨병신장질환의 진행 억제를 위해서는 혈압과 혈당을 최적으로 조절해야 하며, 안지오텐신전환효소억제제 또는 안지오텐신II 수용체차단제를 사용하는 것이 효과적입니다. 이러한 치료 전략들은 당뇨병의 합병증 발생을 억제하고, 환자의 예후를 개선하는 데 큰 이득을 제공합니다.","['3) 당뇨병신경병증의 근본적인 치료인 혈당조절은 발생 가능한 위해가 적고 이로 인한 이득이 매우 커서 \n당뇨병신경병증 치료에 도움이 된다. 당뇨병신경병증환자의 치료에서 가장 중요한 것은 안정적이고 \n이상적인 혈당조절이다. õ\n† 다학제 임상진료지침 개발위원회에서는 이익과 불이익 연계 근거를 검토하고 전문가 의견을 취합하여 논의한 \n결과, 권고 관련 얻을 수 있는 이익이 크고 발생 가능한 불이익이 거의 없을 것으로 판단함.\n4) 당뇨병신경병증의 병인 및 증상에 기초한 약물치료는 통증을 경감시키고, 수면장애, 우울증, 불안 등을\n감소시켜 삶의 질을 향상시킨다. 그러나 일부에서 약제에 의한 부작용(어지럼, 졸음, 하지부종, 체중증가, \n입 마름, 흐린시력, 두통, 배뇨곤란, 안압항진, 두근거림, 부정맥, 기립저혈압, 심질환 등)이 발생할 수 \n있다. 당뇨병신경병증에 사용하는 약물에 대한 효과와 부작용을 이득과 위해를 평가해 보면 이득이 \n위해를 상회하여 당뇨병신경병증 치료에 도움이 된다.\nõ\n† 다학제 임상진료지침 개발위원회에서는 이익과 불이익 연계 근거를 검토하고 전문가 의견을 취합하여 논의한 \n결과, 권고 관련 얻을 수 있는 이익이 발생 가능한 불이익보다 클 것으로 판단함.', '116\n이익 및 불이익\n∙ 이  익\n - 당뇨병신경병증 발생의 지연 및 예방\n - 당뇨병발질환을 예방 및 절단 예방과 감소, 사망률 감소\n - 당뇨병신경병증 환자의 신경병증 통증 감소와 삶의 질 향상\n∙ 불이익\n - (약물치료 시) 부작용 가능성\n1) 당뇨병신경병증은 절반 이상의 환자가 무증상이며, 선별검사를 통해 당뇨병성신경병증을 조기에 진단\n하고 치료를 시행할 수 있다. 신경병증의 조기진단 및 치료는 당뇨병신경병증 환자의 통증 조절 및 \n삶의 질 향상에 기여하고, 당뇨병발질환의 예방 및 절단 예방과 감소, 입원율 및 사망률을 감소에 \n기여한다. 당뇨병신경병증의 진단을 위한 검사 시행으로 의료비 상승이 발생할 수 있으나 진단이 \n적절하지 않을 경우 발생할 수 있는 환자의 예후 등을 고려할 때 이득이 훨씬 더 크다.\nõ\n† 다학제 임상진료지침 개발위원회에서는 이익과 불이익 연계 근거를 검토하고 전문가 의견을 취합하여 논의한 \n결과, 권고 관련 얻을 수 있는 이익이 크고 발생 가능한 불이익이 거의 없을 것으로 판단함.\n2) 자율신경병증의 조기진단은 일상생활과 삶의 질을 향상시킬 수 있으며 질환의 이환율과 사망률을 감소시킬\n수 있어 검사의 시행으로 인해 발생하는 의료비의 상승에 비해 얻을 수 있는 이득이 훨씬 더 크다. õ\n† 다학제 임상진료지침 개발위원회에서는 이익과 불이익 연계 근거를 검토하고 전문가 의견을 취합하여 논의한 \n결과, 권고 관련 얻을 수 있는 이익이 크고 발생 가능한 불이익이 거의 없을 것으로 판단함.\n3) 당뇨병신경병증의 근본적인 치료인 혈당조절은 발생 가능한 위해가 적고 이로 인한 이득이 매우 커서 \n당뇨병신경병증 치료에 도움이 된다. 당뇨병신경병증환자의 치료에서 가장 중요한 것은 안정적이고 \n이상적인 혈당조절이다.']","['<1-hop>\n\n116\n  이익 및  불이익\n∙ 이  익\n - 당뇨병신경병증 발생의 지연 및 예방\n - 당뇨병발질환을 예방 및 절단 예방과 감소, 사망률 감소\n - 당뇨병신경병증 환자의 신경병증 통증 감소와 삶의 질 향상\n∙ 불이익\n - (약물치료 시) 부작용 가능성\n1) 당뇨병신경병증은 절반 이상의 환자가 무증상이며, 선별검사를 통해 당뇨병성신경병증을 조기에 진단\n하고 치료를 시행할 수 있다. 신경병증의 조기진단 및 치료는 당뇨병신경병증 환자의 통증 조절 및 \n삶의 질 향상에 기여하고, 당뇨병발질환의 예방 및 절단 예방과 감소, 입원율 및 사망률을 감소에 \n기여한다. 당뇨병신경병증의 진단을 위한 검사 시행으로 의료비 상승이 발생할 수 있으나 진단이 \n적절하지 않을 경우 발생할 수 있는 환자의 예후 등을 고려할 때 이득이 훨씬 더 크다.\nõ\n†  다학제 임상진료지침 개발위원회에서는 이익과 불이익 연계 근거를 검토하고 전문가 의견을 취합하여 논의한 \n결과, 권고 관련 얻을 수 있는 이익이 크고 발생 가능한 불이익이 거의 없을 것으로 판단함.\n2) ', '<2-hop>\n\n109\n Ⅲ. 당뇨병과 합병증\n 이익 및 불이익\n∙ 이  익\n - 당뇨병신장질환의 진행 억제\n - 당뇨병신장질환의 합병증 발생 억제\n∙ 불이익 \n - 약물치료 부작용 가능성\n1) 당뇨병신장질환은 대표적인 당뇨병의 합병증으로 이의 발생과 억제를 위하여 혈압과 혈당을 최적으로 \n조절하여야 하며 이는 발생 가능한 위해가 적고 이로 인한 이득이 매우 크다. õ\x01\n2) 당뇨병신장질환 환자에서 최적의 혈압조절을 위해 안지오텐신전환효소억제제 또는 안지오텐신II\n수용체차단제를 사용하는 것은 일반적인 약물에 의한 위해보다 약물사용에 따른 이득이 크다. õ\x01 \n† 다학제 임상진료지침 개발위원회에서는 이익과 불이익 연계 근거를 검토하고 전문가 의견을 취합하여 논의한 \n결과, 권고 관련 얻을 수 있는 이익이 발생 가능한 불이익보다 매우 클 것으로 판단함.\n 진료 시 고려할 점\n∙ 당뇨병신장질환 환자의 목표혈압을 정할 때 나이, 동반질환, 신증 진행속도, 고혈압 약물에 대한 견딤\n(tolerance) 등 개인의 특수 사정을 고려해야 한다. \n∙ 소변알부민/크레이티닌비가 30 mg/g 이상인 경우 목표혈압을 130/80 mmHg 이하로 하는 것을 \n고려할 수 있다.\n ', '<3-hop>\n\n근거 설명\na) 다량알부민뇨를 동반한 당뇨병신장질환 환자에게서 적극적인 혈압 조절은 사구체여과율의 저하 및 말기신부전\n으로의 진행, 그리고 심혈관 합병증을 효과적으로 지연시켰다. 따라서 당뇨병 환자에게서 혈압의 관리가 매우 \n중요하며, 일차적인 혈압조절의 목표는 수축기 140 mmHg, 이완기 85 mmHg 미만으로 유지하는 것을 \n고려할 수 있다.\n\x12\nb) 코호트를 이용한 관찰연구에서 사구체 여과율이 30 mL/min/1.73 m \x13 미만으로 저하된 당뇨병 환자에서 저\n혈당 및 사망의 위험도가 증가하므로 혈당조절 목표를 신기능이 정상인 환자에 비해 Hba1C를 7.0% 전후로 \n조절할 것을 고려해 볼 수 있다. \nc) 알부민뇨가 당뇨병신장질환과 밀접한 관련이 있고, 그 양이 증가할수록 사구체여과율이나 신기능의 감소가 \n빨라진다. 대규모 임상 연구를 통하여 renin-angiotensin system (RAS) 차단제가 당뇨병신장질환의 발생과 \n진행을 효과적으로 억제함이 증명되었다. 따라서 당뇨병 환자가 혈압이나 신증을 동반하고 있다면 이 약제를 \n우선적으로 사용해야 한다. ']",1.0,0.8026781904385052,0.99999999995,0.3333333333333333
"경구혈당강하제의 단독요법 실패 시, 심혈관질환 예방을 위해 어떤 약제를 추가하는 것이 권장되며 그 이유는 무엇인가요?","경구혈당강하제의 단독요법 실패 시, 심혈관질환 예방을 위해 SGLT2 억제제나 GLP-1 수용체 작용제를 추가하는 것이 권장됩니다. 이러한 약제들은 심혈관 또는 신장 이익이 입증되어 있으며, SGLT2 억제제는 주요 심혈관 유해사례 발생을 감소시키고 심부전 및 사망 위험을 줄이는 효과가 있습니다. 따라서, 심혈관질환이 있는 환자에게는 이러한 약제를 우선적으로 고려하는 것이 중요합니다.","경구혈당강하제의 단독요법 실패 시, 심혈관질환 예방을 위해 서로 다른 기전의 약제를 추가하는 병합요법이 권장됩니다. 이는 한 가지 경구혈당강하제를 최대용량으로 투여하는 것보다 다제 병용요법이 보다 혈당을 낮출 수 있으며, 병용요법이 늦어지면 목표혈당에 도달하기 어려운 경우가 많기 때문입니다. 특히, 심부전 및 만성신질환을 동반한 경우에는 심혈관 또는 신장이익이 입증된 SGLT2억제제를 우선 사용하기를 권고하며, 죽상경화심혈관질환이 있는 경우에는 심혈관이익이 입증된 SGLT2억제제나 GLP-1수용체작용제를 포함한 치료를 고려해야 합니다.","['52\nb) 초기 단독 경구혈당강하제로 시작한 경우 당화혈색소 수치에 따라 2-3개월 간격으로 약제의 용량을 증량해 \n나간다. 최대 용량 사용 후 3-6개월 이내에 목표 당화혈색소에 도달 및 유지를 못 한 경우를 ‘경구혈당강하제 \n단독요법의 실패’라 정의하고 서로 다른 기전의 약제를 추가하는 병합요법을 시작한다.\x12 환자의 임상적 특성을 \n고려하여 최대 용량에 이르지 않은 경우에도 다른 기전의 약제를 추가하는 조기 병합요법(half-maximal \ndose)도 고려할 수 있다.\n\x12 이러한 배경에는 한 가지 경구혈당강하제를 최대용량으로 투여하는 것보다 다제 \n병용요법이 보다 혈당을 낮출 수 있으며, 병용요법이 늦어지면 목표혈당에 도달하기 어려운 경우가 많다. 주로 \n식후 고혈당이 문제가 되는 경우 메글리티나이드, 알파포도당화물분해효소억제제, 속효성 GLP-1수용체작용제나 \nDPP-4 억제제의 추가를 고려해 볼 수 있다. \n경구혈당강하제는 그 작용기전에 따라 크게 여섯 가지로 나눈다. 첫째는 간에서 포도당합성을 억제하는 \n바이구아나이드, 둘째는 췌도 베타세포로부터 인슐린 분비를 직접 자극하는 설포닐유레아 (비설포닐유레아 계 \n포함), 셋째는 말초조직의 인슐린저항성을 개선시키는 싸이아졸리딘다이온(TZD), 넷째로 장에서 포도당 흡수를 \n억제하는 알파포도당화물분해효소억제제,  다섯째로 인크레틴 효과를 증강시키는 DPP-4억제제, 여섯째로 신장\n에서 포도당의 재흡수를 억제하는 SGLT2 (sodium-glucose cotransporter 2) 억제제 등이 있 다 .  주 사 제 로 는  \n인슐린 및 GLP-1수용체작용제로 나눌 수 있다. 약제 선택 시 고려해야 할 임상적 요소로는 나이, 당화혈색소 \n수치, 저혈당 취약성, 공복 시 및 식후 고혈당 정도, 비만 여부, 대사증후군 여부, 인슐린분비능, 간기능 및 \n신장기능 이상 여부, 죽상경화 심혈관질환 여부 등이다.', '주 사 제 로 는  \n인슐린 및 GLP-1수용체작용제로 나눌 수 있다. 약제 선택 시 고려해야 할 임상적 요소로는 나이, 당화혈색소 \n수치, 저혈당 취약성, 공복 시 및 식후 고혈당 정도, 비만 여부, 대사증후군 여부, 인슐린분비능, 간기능 및 \n신장기능 이상 여부, 죽상경화 심혈관질환 여부 등이다. 여섯 가지 종류의 경구혈당강하제는 각각 다른 작용기전\n으로 혈당강하 효과를 보이고 약제마다 장단점이 서로 다르므로 환자의 임상적 특성, 약제의 작용기전과 효능, 비용 \n및 안전성을 고려하여 선택하는 것이 중요하다.\n\x12\r\x19\r\x1a\n최근 심혈관질환 발생에 대한 대규모 임상연구와 메타분석 결과들이 발표되면서, 약제 선택 시 심혈관질환에 \n대한 이득을 중요한 변수로 고려하게 되었다. 최근 개정된 대한당뇨병학회 및 미국당뇨병학회의 진료지침에서 \n심부전 및 만성신질환을 동반한 경우에는 심혈관 또는 신장이익이 입증된 SGLT2억제제를 우선 사용하기를 권고\n하였다. 죽상경화심혈관질환이 있다면 심혈관이익이 입증된 SGLT2억제제 혹은 GLP-1수용체작용제를 포함한 치료를 \n우선 고려한다. 메타분석에서 SGLT2억제제의 사용은 주요심혈관유해사례(major adverse cardiovascular event, \nMACE) 발생을 16%, 심혈관사망을 37%, 심부전 발생은 35%, 모든 원인에 의한 사망을 29% 감소시켰다 . \n국내에서 사용할 수 있는 SGLT2억제제 중 심부전에 대한 이익이 입증된 약제는 다파글리플로진, 엠파글리\n플로진, 어투글리플로진, 죽상경화심혈관질환이나 신장질환에 대해서 이익이 입증된 약제는 다파글리플로진, \n엠파글리플로진이다.']","['<1-hop>\n\n52\nb) 초기 단독 경구혈당강하제로 시작한 경우 당화혈색소 수치에 따라 2-3개월 간격으로 약제의 용량을 증량해 \n나간다. 최대 용량 사용 후 3-6개월 이내에 목표 당화혈색소에 도달 및 유지를 못 한 경우를 ‘경구혈당강하제 \n단독요법의 실패’라 정의하고 서로 다른 기전의 약제를 추가하는 병합요법을 시작한다.\x12 환자의 임상적 특성을 \n고려하여 최대 용량에 이르지 않은 경우에도 다른 기전의 약제를 추가하는 조기 병합요법(half-maximal \ndose)도 고려할 수 있다.\n\x12 이러한 배경에는 한 가지 경구혈당강하제를 최대용량으로 투여하는 것보다 다제 \n병용요법이 보다 혈당을 낮출 수 있으며, 병용요법이 늦어지면 목표혈당에 도달하기 어려운 경우가 많다. 주로 \n식후 고혈당이 문제가 되는 경우 메글리티나이드, 알파포도당화물분해효소억제제, 속효성 GLP-1수용체작용제나 \nDPP-4 억제제의 추가를 고려해 볼 수 있다. \n경구혈당강하제는 그 작용기전에 따라 크게 여섯 가지로 나눈다. 첫째는 간에서 포도당합성을 억제하는 \n바이구아나이드, 둘째는 췌도 베타세포로부터 인슐린 분비를 직접 자극하는 설포닐유레아 (비설포닐유레아 계 \n포함), 셋째는 말초조직의 인슐린저항성을 개선시키는 싸이아졸리딘다이온(TZD), 넷째로 장에서 포도당 흡수를 \n억제하는 알파포도당화물분해효소억제제,  다섯째로 인크레틴 효과를 증강시키는 DPP-4억제제, 여섯째로 신장\n에서 포도당의 재흡수를 억제하는 SGLT2 (sodium-glucose cotransporter 2) 억제제 등이 있 다 .  주 사 제 로 는  \n인슐린 및 GLP-1수용체작용제로 나눌 수 있다. ', '<2-hop>\n\n심혈관질환 발생에 대한 대규모 임상연구와 메타분석 결과들이 발표되면서, 약제 선택 시 심혈관질환에 대한 이득을 중요한 변수로 고려하게 되었다. 최근 개정된 대한당뇨병학회 및 미국당뇨병학회의 진료지침에서 심부전 및 만성신질환을 동반한 경우에는 심혈관 또는 신장이익이 입증된 SGLT2억제제를 우선 사용하기를 권고 하였다. 죽상경화심혈관질환이 있다면 심혈관이익이 입증된 SGLT2억제제 혹은 GLP-1수용체작용제를 포함한 치료를 우선 고려한다. 메타분석에서 SGLT2억제제의 사용은 주요심혈관유해사례(major adverse cardiovascular event, MACE) 발생을 16%, 심혈관사망을 37%, 심부전 발생은 35%, 모든 원인에 의한 사망을 29% 감소시켰다 . 국내에서 사용할 수 있는 SGLT2억제제 중 심부전에 대한 이익이 입증된 약제는 다파글리플로진, 엠파글리 플로진, 어투글리플로진, 죽상경화심혈관질환이나 신장질환에 대해서 이익이 입증된 약제는 다파글리플로진, 엠파글리플로진이다. 주사제인 GLP-1수용체작용제의 심혈관질환에 대한 안전성을 평가한 전향적 연구들 중에서 LEADER (Liraglutide Effect and Action in Diabetes: Evaluation of CV Outcome Results)와 SUSTAIN-6 (Trial to Evaluate CV and Other Long-term Outcomes Wi th Semaglutide in Subjects With T2D), REWIND (Researching CV Events With a Weekly Incretin in Diabetes) 연구 에서는 위약 대비 3-점(3-point) MACE (심혈관질환에 의한 사망, 비치명적 심근경색증, 비치명적 뇌졸중)를 유의하게 감소시켰다. 국내에서 사용할 수 있고, 심혈관질환에 대한 이익이 입증된 GLP-1수용체작용제로는 리라글루타이드와 둘라글루타이드가 있다(표 3). c) 당뇨병 유병기간이 경과함에 따라 경구혈당강하제만으로 조절되던 2형당뇨병 환자도 인슐린 사용이 필요할 수 있다. 당뇨병 유병기간과 인슐린 사용 연구에서 지속되는 인슐린저항성과 췌도 베타세포의 인슐린 분비능 저하가 계속되어 이환기간이 15년 이상인 환자의 50%에서는 인슐린 치료가 필요하게 된다. 생활습관교정과 충분한 경구혈당하제 투여에도 불구하고 혈당조절 목표에 도달하지']",1.0,0.7705123069519493,0.99999999995,1.0
"대사증후군의 진단기준은 무엇이며, 2형당뇨병 환자에서 대사증후군 평가가 중요한 이유는 무엇인가요?","대사증후군의 진단기준은 다음과 같습니다. 아래 기준 중 3개 이상에 해당될 때 대사증후군으로 진단할 것을 고려합니다:

1. 복부비만: 허리둘레 남자 ≥ 90 cm, 여자 ≥ 85 cm
2. 고중성지방혈증: 중성지방 ≥ 150 mg/dL 또는 이상지질혈증약 복용
3. 낮은 HDL 콜레스테롤: 남자 ＜ 40 mg/dL, 여자 ＜ 50 mg/dL 또는 이상지질혈증약 복용
4. 고혈압: 혈압 ≥ 130/85 mmHg 또는 고혈압약 복용
5. 고혈당: 공복혈장포도당 ≥ 100 mg/dL 또는 당뇨병약 복용

2형당뇨병 환자에서 대사증후군 평가가 중요한 이유는 대사증후군이 심혈관질환의 발생 위험을 크게 증가시키기 때문입니다. 대사증후군이 있는 환자는 심뇌혈관질환의 이환율 및 사망률이 급격히 증가하므로, 보다 적극적인 진단과 관리가 필요합니다. 이를 통해 여러 대사질환과 심혈관질환의 발생을 예측하고 예방할 수 있습니다.","대사증후군의 진단기준은 다음과 같습니다: 복부비만(남자 ≥ 90 cm, 여자 ≥ 85 cm), 고중성지방혈증(중성지방 ≥ 150 mg/dL 또는 이상지질혈증약 복용), 낮은 HDL 콜레스테롤(남자 ＜ 40 mg/dL, 여자 ＜ 50 mg/dL 또는 이상지질혈증약 복용), 고혈압(혈압 ≥ 130/85 mmHg 또는 고혈압약 복용), 고혈당(공복혈장포도당 ≥ 100 mg/dL 또는 당뇨병약 복용) 중 3개 이상에 해당될 때 대사증후군으로 진단할 것을 고려합니다. 2형당뇨병 환자에서 대사증후군 평가가 중요한 이유는, 대사증후군이 있는 환자에서 심혈관계 질환의 발생 및 사망률이 증가하며, 이러한 환자에서 대혈관합병증뿐만 아니라 미세혈관합병증의 발생도 증가하기 때문입니다. 따라서 초기 평가 시 신체 계측과 혈액검사를 통해 대사증후군을 평가하는 것이 심혈관질환 예방에 중요합니다.","['24\n4. 대사증후군 진단기준\n권고 적용군 2형당뇨병 환자 진료환경 진료실\n중재/실행지표 대사증후군 평가 시행\n비교지표 대사증후군 평가 미시행\n결과물 심뇌혈관질환 예방\n권고 내용 권고등급 근거수준 권고도출 \n자료원\n∙ 2형당뇨병 환자의 첫 방문 시에 신체계측과 혈액검사로 대사\n증후군 평가를 고려한다.\nⅡa B 17-19\n∙ 아래 기준 중 3개 이상에 해당될 때 대사증후군으로 진단할 것을 \n고려한다.\n  ① 복부비만(허리둘레 남자 ≥ 90 cm, \n     여 자  ≥  8 5 c m )B\n  ② 고중성지방혈증(중성지방 ≥ 150 mg/dL 또는 \n     이상지질혈증약 복용)\n  ③ 낮은 HDL 콜레스테롤(남자 ＜ 40 mg/dL, \n여자 ＜ 50 mg/dL 또는 이상지질혈증약 복용)\n  ④ 고혈압(혈압 ≥ 130/85 mmHg 또는 고혈압약 복용)\n  ⑤ 고혈당(공복혈장포도당 ≥ 100 mg/dL 또는 당뇨병약 복용)\nⅡa A 20-24\n이익 및 불이익 †\n∙ 이  익\n  - 여러 대사질환과 심혈관질환 발생 예측\n  - 심혈관질환 이환율, 사망률 감소\n∙ 불이익\n  -  없 음\n∙ 대사증후군이 있는 2형당뇨병 환자는 심뇌혈관질환의 이환율 및 사망률이 급격히 증가하기 때문에 좀 더 \n적극적인 진단과 관리가 필요하다.\n† 다학제 임상진료지침 개발위원회에서는 이익과 불이익 연계 근거를 검토하고 전문가 의견을 취합하여 논의한 결과, \n권고 관련 얻을 수 있는 이익이 크고 발생 가능한 불이익이 거의 없을 것으로 판단함.', 'Ⅰ. 당뇨병 총론\n25\n진료 시 고려할 점\n∙ 2형당뇨병과 대사증후군의 동반은 심혈관질환의 발생 위험도가 매우 높다는 것을 의미하며, 혈당뿐만 \n아니라 비만, 고혈압, 이상지질혈증 등 위험인자를 포함한 포괄적인 관리가 필요하다는 것을 시사한다. C\n 근거 설명\na) 대사증후군은 흔히 당뇨병, 고혈압, 비만, 죽상경화증, 이상지질혈증, 심혈관질환 등을 총체적으로 지칭하는 \n개념이다.\x12 대사증후군의 중심에는 인슐린저항성이 있으며, 1988년 Reaven에 의해 인슐린저항성과 고혈압, \n이상지질혈증, 내당능장애 및 복부비만과의 개념이 처음 제시되었다. 이를 바탕으로 1999년에 세계보건기구\n(WHO)에서 대사증후군에 대한 정의를 처음으로 제시하였고 2001년에는 National Cholesterol E ducation \nProgram-Adult Treatment Panel III (NCEP-ATP III)에서 새로운 진단기준을 제시 하였다.\x13 이 후  \nAHA(American Heart Association)와 IDF(International Diabetes Federation) 등 여러 기관에서 대사증\n후군에 대한 공통된 진단기준을 제시하였으며, 최근에는 허리둘레의 기준을 인종 별로 달리 정의하고 있다. \x14 \n우리나라의 경우 허리둘레는 대한비만학회에서 단면적 분석을 통하여 얻은 남자 90cm, 여자 85cm의 기준을 \n제시하여 대사증후군의 진단기준으로 삼고 있다.\n\x15 이렇듯 많은 기관 및 단체에서 대사증후군을 새롭게 정의\n하려고 하는 것은 대사증후군 자체가 심혈관질환으로 인한 이환율과 사망률을 증가시킬 뿐만 아니라, 여러 \n대사질환과 심혈관질환의 위험성에 대한 높은 예측률을 가지고 있다는 중요성 때문이다. \nb) 2형당뇨병과 대사증후군은 인슐린 저항성이 중심이 되는 질환으로 매우 밀접한 관련성을 보인다. 우리나라 \n2형당뇨병 환자에서 대사증후군을 동반하고 있는 비율은 80%에 달하며, \x16 이러한 환자에서 심혈관계 질환의 \n발생 및 사망률이 더욱 증가하리라는 것은 지극히 당연하다.']","['<1-hop>\n\n근거 설명 a) 대사증후군은 흔히 당뇨병, 고혈압, 비만, 죽상경화증, 이상지질혈증, 심혈관질환 등을 총체적으로 지칭하는 개념이다.\x12 대사증후군의 중심에는 인슐린저항성이 있으며, 1988년 Reaven에 의해 인슐린저항성과 고혈압, 이상지질혈증, 내당능장애 및 복부비만과의 개념이 처음 제시되었다. 이를 바탕으로 1999년에 세계보건기구 (WHO)에서 대사증후군에 대한 정의를 처음으로 제시하였고 2001년에는 National Cholesterol E ducation Program-Adult Treatment Panel III (NCEP-ATP III)에서 새로운 진단기준을 제시 하였다.\x13 이 후 AHA(American Heart Association)와 IDF(International Diabetes Federation) 등 여러 기관에서 대사증 후군에 대한 공통된 진단기준을 제시하였으며, 최근에는 허리둘레의 기준을 인종 별로 달리 정의하고 있다. \x14 우리나라의 경우 허리둘레는 대한비만학회에서 단면적 분석을 통하여 얻은 남자 90cm, 여자 85cm의 기준을 제시하여 대사증후군의 진단기준으로 삼고 있다. \x15 이렇듯 많은 기관 및 단체에서 대사증후군을 새롭게 정의 하려고 하는 것은 대사증후군 자체가 심혈관질환으로 인한 이환율과 사망률을 증가시킬 뿐만 아니라, 여러 대사질환과 심혈관질환의 위험성에 대한 높은 예측률을 가지고 있다는 중요성 때문이다. b) 2형당뇨병과 대사증후군은 인슐린 저항성이 중심이 되는 질환으로 매우 밀접한 관련성을 보인다. 우리나라 2형당뇨병 환자에서 대사증후군을 동반하고 있는 비율은 80%에 달하며, \x16 이러한 환자에서 심혈관계 질환의 발생 및 사망률이 더욱 증가하리라는 것은 지극히 당연하다. 대사증후군이 있는 환자에서 대사증후군이 없는 환자에 비해 심혈관계 질환으로 인한 사망률이 1.6배 증가하며, 이러한 사망률의 증가에는 당뇨병이 주된 기여를 하는 것으로 보고되었다. \x17 또한 2형당뇨병 환자에서 대사증후군이 동반되었을 때 대혈관합병증뿐만 아니라 미세혈관합병증의 발생 역시 증가되었다. \x18 잘 알려진 바와 같이 대사증후군의 주된 인자들인 비만, 이상지질혈증 및 고혈압은 2형당뇨병 환자의 심혈관질환 발생에 중요한 위험인자로 작용한다. 따라서 2형 당뇨병 환자의 초기 평가 시 신체 계측과 혈액검사를 통하여 대사증후군을 평가하는 것은 심혈관질환의 발생', '<2-hop>\n\n24\n4.  대사증후군 진단기준\n 권고 적용군 2형당뇨병 환자 진료환경 진료실\n 중재/실행지표 대사증후군 평가 시행\n비교지표 대사증후군 평가 미시행\n 결과물 심뇌혈관질환 예방\n권고 내용 권고등급 근거수준 권고도출 \n자료원\n∙ 2형당뇨병 환자의 첫 방문 시에 신체계측과 혈액검사로 대사\n증후군 평가를 고려한다.\nⅡa B 17-19\n∙ 아래 기준 중 3개 이상에 해당될 때 대사증후군으로 진단할 것을 \n고려한다.\n  ① 복부비만(허리둘레 남자 ≥ 90 cm, \n     여 자  ≥  8 5 c m )B\n  ② 고중성지방혈증(중성지방 ≥ 150 mg/dL 또는 \n     이상지질혈증약 복용)\n  ③ 낮은 HDL 콜레스테롤(남자 ＜ 40 mg/dL, \n여자 ＜ 50 mg/dL 또는 이상지질혈증약 복용)\n  ④ 고혈압(혈압 ≥ 130/85 mmHg 또는 고혈압약 복용)\n  ⑤ 고혈당(공복혈장포도당 ≥ 100 mg/dL 또는 당뇨병약 복용)\nⅡa A 20-24\n']",1.0,0.6739566900286076,0.99999999995,1.0
"당뇨병 관리에서 스타틴 치료의 이익과 불이익은 무엇이며, 이 치료가 심혈관질환 예방에 미치는 영향은 어떻게 평가되었나요?","스타틴 치료는 당뇨병 환자에서 심혈관질환 예방에 긍정적인 영향을 미치는 것으로 평가되었습니다. 여러 연구에서 스타틴 치료가 심혈관질환의 예방 효과를 입증하였으며, 특히 고위험 환자에게서 그 효과가 확실하다고 보고되었습니다. 

이익으로는 심혈관질환 예방이 있으며, 이는 스타틴 치료에 따른 주요한 장점으로 강조됩니다. 반면, 불이익으로는 스타틴에 의한 간독성, 근육독성 및 당뇨병 발생 가능성이 있지만, 이러한 부작용은 상대적으로 낮고 장기적인 위험도는 확실하지 않다고 평가되었습니다. 

결론적으로, 스타틴 치료의 이득이 잠재적인 위해를 상회한다고 판단되어, 당뇨병 환자에게 스타틴 치료가 권장됩니다.","당뇨병 관리에서 스타틴 치료의 이익은 심혈관질환 발생 감소와 관련이 있으며, 특히 2형당뇨병 환자에서 LDL 콜레스테롤 조절이 심혈관질환 예방에 효과적이라는 연구 결과가 있습니다. UK Prospective Diabetes Study (UKPDS)에서는 LDL 콜레스테롤이 39 mg/dL 증가할 때마다 관상동맥질환의 발생위험이 약 60% 증가한다고 보고하였고, 스타틴 치료가 이 위험을 줄이는 데 기여한다고 판단되었습니다. 반면, 스타틴 치료의 불이익으로는 간독성, 근육독성 및 당뇨병 발생 가능성이 있으나, 이러한 부작용의 발생률은 낮고 장기적인 위험도 확실하지 않다고 평가되었습니다. 따라서 다학제 임상진료지침 개발위원회는 스타틴 치료에 따른 이득이 발생 가능한 불이익보다 매우 크다고 결론지었습니다. 이로 인해 당뇨병 환자는 매년 혈중 지질농도를 검사하고, 이상지질혈증이 진단될 경우 치료를 시작해야 합니다.","['지질목표수치에 도달하지 못한 경우 \n약제에 의한 부작용으로 인한 위해보다 심혈관질환 예방 이득이 더 크다.\nõ\r\x14\x0e\x16 \n† 다학제 임상진료지침 개발위원회에서는 이익과 불이익 연계 근거를 검토하고 전문가 의견을 취합하여 논의한 \n결과, 권고 관련 얻을 수 있는 이익이 발생 가능한 불이익보다 매우 클 것으로 판단함.\n2) 2형당뇨병 환자에게서 스타틴 치료에 따른 심혈관질환의 예방 효과를 입증한 연구로는 Collaborative \nAtorvastatin Diabetes Study ( 일차예방), Treating to New Targets (이차 예방), Pravastatin \nor Atorvastatin Evaluation and Infection Therapy trial (이차예방) 등 이 있고, 고위험 환자에게서 \n스타틴의 예방 효과는 확실하다. 반면 스타틴에 의한 간독성, 근육독성 및 당뇨병 발생은 낮을뿐더러 \n장기적인 위험도 확실하지 않다. 따라서 스타틴 치료에 따른 이득이 위해를 상회한다.\n†,6-9 \n† 다학제 임상진료지침 개발위원회에서는 이익과 불이익 연계 근거를 검토하고 전문가 의견을 취합하여 논의한 \n결과, 권고 관련 얻을 수 있는 이익이 발생 가능한 불이익보다 매우 클 것으로 판단함.\n진료 시 고려할 점 I\n∙ 당뇨병 환자는 일 년에 한 번은 혈중 지질농도를 검사하며, 이상지질혈증이 진단될 경우 치료를 시작\n한다.\n∙ 이상지질혈증 약제투여 시작 전과 4-12주 후 혈청 지질검사를 하여 투약에 대한 반응 및 순응도를 평가\n한다.', '69\nⅡ. 당뇨병 관리\nEpaNova in HiGh CV Risk PatienTs With Hypertriglyceridemia (STR ENGTH) 연구에서는 스타틴과 \n하루 4 g의 오메가-3 병용치료가 심혈관질환 예방에 효과를 보이지 않았다. \x12\x18\r\x12\x19\nh) 심혈관질환은 당뇨병 환자의 대표적 사망원인으로 당뇨병 환자에서 동반된 심혈관질환 위험요소의 평가를 위한 \n혈청지질검사는 국내외 진료지침에서 당뇨병 진단 시와 매년 1회 이상의 실시를 권고하고 있고, 이상지질혈증의 \n약제 치료 시작 전 및 치료 4-12주 후에 추적검사에 대하여 공통으로 권고하고 있다.\n 참 고 문 헌\n1. Haffner SM, Lehto S, Ronnemaa T, et al. Mortality from corona ry heart disease in \nsubjects with type 2 diabetes and in nondiabetic subjects with and without prior \nmyocardial infarction. N Engl J Med 1998;339:229-234.\n2. Stevens RJ, Kothari V, Adler AI, et al. The UKPDS risk engine : a model for the risk of \ncoronary heart disease in Type II diabetes (UKPDS 56). Clin Sci  (Lond) 2001;101:671-679. \n3. Kearney PM, Blackwell L, Collins R, et al. Cholesterol Treatm ent Trialists’ (CTT) \nCollaborators. Efficacy of cholesterol lowering therapy in 18,6 86 people with diabetes in \n14 randomised trials of statins: a meta-analysis. Lancet 2008;3 71:117–125.\n4. Sattar N, Preiss D, Murray HM, et al. Statins and risk of inc ident diabetes: a collaborative \nmeta-analysis of randomised statin trials. Lancet 2010;375:735 –742.\n5 . G i n s b e r g  H N ,  E l a m  M B ,  L o v a t o  L C ,  e t  a l .  A C C O R D  S t u d y  G r o u p .  Effects of combination \nlipid therapy in type 2 diabetes  mellitus. N Engl J Med 2010;36 2:1563–1574. \n6. Colhoun HM, Betteridge DJ, Durrington PN, et al. Primary prev ention of cardiovascular \ndisease with atorvastatin in type 2 diabetes in the Collaborati ve Atorvastatin Diabetes \nStudy (CARDS): multicentre randomised placebo-controlled trial.  Lancet 2004;364:685-696.\n7. Shepherd J, Barter P, Carmena R, et al. Effect of lowering LD L cholesterol substantially \nbelow currently recommended levels in patients with coronary he art disease and diabetes: \nthe Treating to New Targets (TNT) study. Diabetes Care 2006;29: 1220-1226.\n8. Ahmed S, Cannon CP, Murphy SA, et al. Acute coronary syndrome s and diabetes: Is \nintensive lipid lowering beneficial? Results of the PROVE IT-TI MI 22 trial. Eur Heart J \n2006;27:2323-2329.\n9. Waters DD, Ho JE, Boekholdt SM, et al. Cardiovascular event r eduction versus new-onset \ndiabetes during atorvastatin therapy: effect of baseline risk f actors for diabetes. J Am Coll \nCardiol 2013;61:148-152. \n10. 대한당뇨병학회.']","['<1-hop>\n\n이익 및 불이익 ∙ 이 익 - 심혈관질환 발생 감소 ∙ 불이익 - (약물치료 시) 부작용 가능성 ∙ 당뇨병은 심혈관질환 사망을 2-4배 높이므로, 당뇨병 환자에게서 이상지질혈증은 적극적으로 치료해야 한다. UK Prospective Diabetes Study (UKPDS)에서 LDL 콜레스테롤이 2형당뇨병 환자 에서 관상 동맥질환 발생의 가장 강력한 예측변수로 분석되었고, LDL 콜레스테롤이 39 mg/dL 증가할 때마다 관상동맥질환의 발생위험도는 약 60% 증가하는 것으로 나타나서 2형당뇨병 환자는 심혈관질환 위험도 평가를 위해 혈중 지질검사(총콜레스테롤, HDL 콜레스테롤, 중성지방, LDL 콜레스테롤)를 시행을 고려 한다. 심혈관질환 위험도 평가를 하지 못하면 심혈관질환 발생 위해가 더 크다. õ \x12 \x13 † 다학제 임상진료지침 개발위원회에서는 이익과 불이익 연계 근거를 검토하고 전문가 의견을 취합하여 논의한 결과, 권고 관련 얻을 수 있는 이익이 크고 발생 가능한 불이익이 거의 없을 것으로 판단함. 1) 당뇨병 환자에서 심뇌혈관질환의 유무에 따른 LDL 콜레스테롤의 조절목표는 스타틴 약물 투여한 일차 및 이차 심혈관질환 예방에 대한 무작위대조연구들과 그 연구들의 메타연구 및 체계적 문헌 고찰의 근거를 통해 이득이 입증되었고, 중성지방과 HDL 콜레스테롤의 조절목표에 대한 무작위대조 연구는 없으나 비무작위 연구에서 일반적인 목표를 권고하고 있다. 지질목표수치에 도달하지 못한 경우 약제에 의한 부작용으로 인한 위해보다 심혈관질환 예방 이득이 더 크다. õ \x14\x0e\x16 † 다학제 임상진료지침 개발위원회에서는 이익과 불이익 연계 근거를 검토하고 전문가 의견을 취합하여 논의한 결과, 권고 관련 얻을 수 있는 이익이 발생 가능한 불이익보다 매우 클 것으로 판단함. 2) 2형당뇨병 환자에게서 스타틴 치료에 따른 심혈관질환의 예방 효과를 입증한 연구로는 Collaborative Atorvastatin Diabetes Study ( 일차예방), Treating to New Targets (이차 예방), Pravastatin', '<2-hop>\n\n67\n Ⅱ. 당뇨병 관리\n or Atorvastatin Evaluation and Infection Therapy trial (이차예방) 등 이 있고, 고위험 환자에게서 스타틴의 예방 효과는 확실하다. 반면 스타틴에 의한 간독성, 근육독성 및 당뇨병 발생은 낮을뿐더러 장기적인 위험도 확실하지 않다. 따라서 스타틴 치료에 따른 이득이 위해를 상회한다. †,6-9 † 다학제 임상진료지침 개발위원회에서는 이익과 불이익 연계 근거를 검토하고 전문가 의견을 취합하여 논의한 결과, 권고 관련 얻을 수 있는 이익이 발생 가능한 불이익보다 매우 클 것으로 판단함. 진료 시 고려할 점 I\n∙ 당뇨병 환자는 일 년에 한 번은 혈중 지질농도를 검사하며, 이상지질혈증이 진단될 경우 치료를 시작\n한다.\n∙ 이상지질혈증 약제투여 시작 전과 4-12주 후 혈청 지질검사를 하여 투약에 대한 반응 및 순응도를 평가\n한다.']",1.0,0.7797310496563995,0.99999999995,1.0
